START,END,UTC,READABLE_START,READABLE_END,UT_ALL,LC_ALL,UT_SIG,UT_NONSIG,LC_SIG,LC_NONSIG,UT_WORK,UT_SOCIAL,UT_INFO,UT_ENTER,UT_SYSTEM,UT_HEALTH,LC_WORK,LC_SOCIAL,LC_INFO,LC_ENTER,LC_SYSTEM,LC_HEALTH,DUT_STILL,DUT_WALKING,DUT_RUNNING,DUT_IN_VEHICLE,DUT_ON_BICYCLE,DUT_HOME,DUT_WORK,DUT_OTHERS,DUT_MOVE,DUT_SEDENTARY
1557986400000,1557987300000,UTC+0900,2019-05-16 15:00:00,2019-05-16 15:15:00,365899,28,308809,57090,19,9,35370,297034,0,4971,28524,0,1,13,0,1,13,0,900000,0,0,0,0,900000.0,0.0,0.0,0,900000
1557987300000,1557988200000,UTC+0900,2019-05-16 15:15:00,2019-05-16 15:30:00,159640,19,159640,0,19,0,0,102895,0,14181,42564,0,0,14,0,1,4,0,900000,0,0,0,0,770509.0,0.0,0.0,0,900000
1557988200000,1557989100000,UTC+0900,2019-05-16 15:30:00,2019-05-16 15:45:00,205267,22,205267,0,22,0,0,60938,0,139458,4855,16,0,15,0,2,4,1,900000,0,0,0,0,900000.0,0.0,0.0,0,900000
1557989100000,1557990000000,UTC+0900,2019-05-16 15:45:00,2019-05-16 16:00:00,245050,25,141448,103602,13,12,0,98630,0,0,139669,6751,0,13,0,0,9,3,900000,0,0,0,0,900000.0,0.0,0.0,0,900000
1557990000000,1557990900000,UTC+0900,2019-05-16 16:00:00,2019-05-16 16:15:00,614153,65,594387,19766,53,12,0,483412,0,0,123425,7316,0,46,0,0,18,1,488089,411911,0,0,0,592994.0,0.0,0.0,0,488089
1557990900000,1557991800000,UTC+0900,2019-05-16 16:15:00,2019-05-16 16:30:00,678192,117,620397,57795,101,16,9500,567157,15420,24199,61916,0,2,83,5,4,23,0,517383,382617,0,0,0,0.0,0.0,608210.0,0,517383
1557991800000,1557992700000,UTC+0900,2019-05-16 16:30:00,2019-05-16 16:45:00,472332,75,453607,18725,64,11,17287,284102,1351,145906,23686,0,9,41,1,12,12,0,900000,0,0,0,0,0.0,0.0,900000.0,0,900000
1557992700000,1557993600000,UTC+0900,2019-05-16 16:45:00,2019-05-16 17:00:00,155197,48,91254,63943,42,6,0,70990,0,59377,24802,28,0,28,0,7,11,2,900000,0,0,0,0,0.0,0.0,900000.0,0,900000
1557993600000,1557994500000,UTC+0900,2019-05-16 17:00:00,2019-05-16 17:15:00,0,0,0,0,0,0,0,0,0,0,0,0,0,0,0,0,0,0,900000,0,0,0,0,0.0,0.0,900000.0,0,900000
1557994500000,1557995400000,UTC+0900,2019-05-16 17:15:00,2019-05-16 17:30:00,43211,17,43211,0,17,0,0,43211,0,0,0,0,0,17,0,0,0,0,424556,475444,0,0,0,0.0,0.0,579575.0,0,424556
1557995400000,1557996300000,UTC+0900,2019-05-16 17:30:00,2019-05-16 17:45:00,470118,61,276779,193339,59,2,0,276107,193339,0,672,0,0,58,2,0,1,0,99999,800001,0,0,0,0.0,0.0,0.0,0,99999
1557996300000,1557997200000,UTC+0900,2019-05-16 17:45:00,2019-05-16 18:00:00,691705,55,552457,139248,53,2,0,266474,139248,268450,17425,108,0,34,2,11,7,1,465126,434874,0,0,0,0.0,634938.0,0.0,0,465126
1557997200000,1557998100000,UTC+0900,2019-05-16 18:00:00,2019-05-16 18:15:00,501971,1,501971,0,1,0,0,0,0,501971,0,0,0,0,0,1,0,0,900000,0,0,0,0,0.0,900000.0,0.0,0,900000
1557998100000,1557999000000,UTC+0900,2019-05-16 18:15:00,2019-05-16 18:30:00,234247,14,234247,0,14,0,0,46901,0,184720,2626,0,0,10,0,2,2,0,900000,0,0,0,0,0.0,900000.0,0.0,0,900000
1557999000000,1557999900000,UTC+0900,2019-05-16 18:30:00,2019-05-16 18:45:00,899211,30,899211,0,30,0,0,134942,0,763251,1018,0,0,28,0,1,1,0,900000,0,0,0,0,0.0,900000.0,0.0,0,900000
1557999900000,1558000800000,UTC+0900,2019-05-16 18:45:00,2019-05-16 19:00:00,862469,74,845824,16645,73,1,0,374486,0,465318,20336,2329,0,65,0,3,5,1,900000,0,0,0,0,0.0,900000.0,0.0,0,900000
1558000800000,1558001700000,UTC+0900,2019-05-16 19:00:00,2019-05-16 19:15:00,225845,57,219415,6430,55,2,3139,98091,0,113403,11212,0,1,45,0,3,8,0,900000,0,0,0,0,0.0,900000.0,0.0,0,900000
1558001700000,1558002600000,UTC+0900,2019-05-16 19:15:00,2019-05-16 19:30:00,384205,16,384205,0,16,0,0,16783,0,364300,3122,0,0,12,0,2,2,0,900000,0,0,0,0,0.0,900000.0,0.0,0,900000
1558002600000,1558003500000,UTC+0900,2019-05-16 19:30:00,2019-05-16 19:45:00,0,0,0,0,0,0,0,0,0,0,0,0,0,0,0,0,0,0,900000,0,0,0,0,0.0,900000.0,0.0,0,900000
1558003500000,1558004400000,UTC+0900,2019-05-16 19:45:00,2019-05-16 20:00:00,0,0,0,0,0,0,0,0,0,0,0,0,0,0,0,0,0,0,900000,0,0,0,0,0.0,900000.0,0.0,0,900000
1558004400000,1558005300000,UTC+0900,2019-05-16 20:00:00,2019-05-16 20:15:00,109799,18,109799,0,18,0,0,106165,0,2496,1089,49,0,13,0,2,1,2,900000,0,0,0,0,0.0,900000.0,0.0,0,900000
1558005300000,1558006200000,UTC+0900,2019-05-16 20:15:00,2019-05-16 20:30:00,345503,53,345503,0,53,0,0,307278,0,18330,19895,0,0,47,0,1,5,0,602570,297430,0,0,0,0.0,193824.0,0.0,0,602570
1558006200000,1558007100000,UTC+0900,2019-05-16 20:30:00,2019-05-16 20:45:00,188020,58,188020,0,58,0,0,187058,0,0,962,0,0,57,0,0,1,0,494322,405678,0,0,0,0.0,0.0,0.0,0,494322
1558007100000,1558008000000,UTC+0900,2019-05-16 20:45:00,2019-05-16 21:00:00,292230,72,292230,0,72,0,0,253086,0,0,39144,0,0,63,0,0,9,0,0,900000,0,0,0,0.0,0.0,0.0,0,0
1558008000000,1558008900000,UTC+0900,2019-05-16 21:00:00,2019-05-16 21:15:00,48775,19,40538,8237,16,3,0,39520,0,8237,1001,17,0,14,0,3,1,1,534,899466,0,0,0,0.0,0.0,0.0,0,534
1558008900000,1558009800000,UTC+0900,2019-05-16 21:15:00,2019-05-16 21:30:00,94189,35,83176,11013,28,7,0,69380,0,0,24809,0,0,24,0,0,11,0,900000,0,0,0,0,0.0,0.0,0.0,0,900000
1558009800000,1558010700000,UTC+0900,2019-05-16 21:30:00,2019-05-16 21:45:00,76587,25,39728,36859,15,10,33736,35586,0,0,7265,0,9,13,0,0,3,0,900000,0,0,0,0,0.0,0.0,0.0,0,900000
1558010700000,1558011600000,UTC+0900,2019-05-16 21:45:00,2019-05-16 22:00:00,51694,16,40388,11306,13,3,0,40388,11306,0,0,0,0,13,3,0,0,0,900000,0,0,0,0,0.0,0.0,0.0,0,900000
1558011600000,1558012500000,UTC+0900,2019-05-16 22:00:00,2019-05-16 22:15:00,22881,21,22881,0,21,0,0,19989,0,0,2867,25,0,18,0,0,2,1,900000,0,0,0,0,0.0,0.0,0.0,0,900000
1558012500000,1558013400000,UTC+0900,2019-05-16 22:15:00,2019-05-16 22:30:00,133075,41,133051,24,40,1,0,132371,0,0,704,0,0,39,0,0,2,0,900000,0,0,0,0,0.0,0.0,0.0,0,900000
1558013400000,1558014300000,UTC+0900,2019-05-16 22:30:00,2019-05-16 22:45:00,99930,35,84716,15214,25,10,0,78011,0,0,21919,0,0,21,0,0,14,0,900000,0,0,0,0,0.0,0.0,0.0,0,900000
1558014300000,1558015200000,UTC+0900,2019-05-16 22:45:00,2019-05-16 23:00:00,245231,47,233463,11768,40,7,0,215751,0,0,29451,29,0,30,0,0,16,1,900000,0,0,0,0,0.0,0.0,0.0,0,900000
1558015200000,1558016100000,UTC+0900,2019-05-16 23:00:00,2019-05-16 23:15:00,24865,8,24865,0,8,0,0,23644,0,0,1221,0,0,7,0,0,1,0,900000,0,0,0,0,0.0,0.0,0.0,0,900000
1558016100000,1558017000000,UTC+0900,2019-05-16 23:15:00,2019-05-16 23:30:00,16785,3,0,16785,0,3,0,16785,0,0,0,0,0,3,0,0,0,0,900000,0,0,0,0,0.0,0.0,0.0,0,900000
1558017000000,1558017900000,UTC+0900,2019-05-16 23:30:00,2019-05-16 23:45:00,0,0,0,0,0,0,0,0,0,0,0,0,0,0,0,0,0,0,900000,0,0,0,0,0.0,0.0,0.0,0,900000
1558017900000,1558018800000,UTC+0900,2019-05-16 23:45:00,2019-05-17 00:00:00,243339,61,242225,1114,60,1,0,238214,0,0,5125,0,0,59,0,0,2,0,900000,0,0,0,0,0.0,0.0,0.0,0,900000
1558018800000,1558019700000,UTC+0900,2019-05-17 00:00:00,2019-05-17 00:15:00,56620,25,31071,25549,18,7,0,53913,0,0,2699,8,0,22,0,0,2,1,158967,741033,0,0,0,0.0,0.0,105759.0,0,158967
1558019700000,1558020600000,UTC+0900,2019-05-17 00:15:00,2019-05-17 00:30:00,24989,10,23292,1697,8,2,0,22315,0,0,2674,0,0,9,0,0,1,0,0,900000,0,0,0,0.0,0.0,900000.0,0,0
1558020600000,1558021500000,UTC+0900,2019-05-17 00:30:00,2019-05-17 00:45:00,89243,10,89243,0,10,0,0,89243,0,0,0,0,0,10,0,0,0,0,402021,194939,0,303040,0,0.0,0.0,900000.0,0,705061
1558021500000,1558022400000,UTC+0900,2019-05-17 00:45:00,2019-05-17 01:00:00,81031,7,81031,0,7,0,0,81031,0,0,0,0,0,7,0,0,0,0,0,0,0,900000,0,0.0,0.0,900000.0,0,900000
1558022400000,1558023300000,UTC+0900,2019-05-17 01:00:00,2019-05-17 01:15:00,210248,12,20849,189399,10,2,0,20840,0,189399,0,9,0,9,0,2,0,1,307502,0,0,592498,0,0.0,0.0,900000.0,0,900000
1558023300000,1558024200000,UTC+0900,2019-05-17 01:15:00,2019-05-17 01:30:00,77181,18,74240,2941,17,1,0,73575,0,2941,665,0,0,16,0,1,1,0,900000,0,0,0,0,0.0,0.0,900000.0,0,900000
1558024200000,1558025100000,UTC+0900,2019-05-17 01:30:00,2019-05-17 01:45:00,99730,17,55003,44727,16,1,0,22690,0,44727,32313,0,0,13,0,1,3,0,830696,69304,0,0,0,0.0,0.0,842161.0,0,830696
1558025100000,1558026000000,UTC+0900,2019-05-17 01:45:00,2019-05-17 02:00:00,15255,16,15245,10,15,1,10,14123,0,0,1122,0,1,14,0,0,1,0,0,900000,0,0,0,0.0,0.0,0.0,0,0
1558026000000,1558026900000,UTC+0900,2019-05-17 02:00:00,2019-05-17 02:15:00,669623,26,600535,69088,22,4,0,41139,2460,549876,76128,20,0,12,1,3,9,1,379489,520511,0,0,0,379402.0,0.0,0.0,0,379489
1558026900000,1558027800000,UTC+0900,2019-05-17 02:15:00,2019-05-17 02:30:00,821822,26,821822,0,26,0,0,110399,0,707791,3632,0,0,19,0,3,4,0,900000,0,0,0,0,900000.0,0.0,0.0,0,900000
1558027800000,1558028700000,UTC+0900,2019-05-17 02:30:00,2019-05-17 02:45:00,893678,12,893678,0,12,0,0,24255,0,867466,1957,0,0,7,0,3,2,0,900000,0,0,0,0,900000.0,0.0,0.0,0,900000
1558028700000,1558029600000,UTC+0900,2019-05-17 02:45:00,2019-05-17 03:00:00,850035,35,850035,0,35,0,0,43873,0,786916,19246,0,0,14,0,10,11,0,900000,0,0,0,0,900000.0,0.0,0.0,0,900000
1558029600000,1558030500000,UTC+0900,2019-05-17 03:00:00,2019-05-17 03:15:00,873353,14,801520,71833,10,4,0,0,0,795708,77348,297,0,0,0,5,8,1,900000,0,0,0,0,900000.0,0.0,0.0,0,900000
1558030500000,1558031400000,UTC+0900,2019-05-17 03:15:00,2019-05-17 03:30:00,584942,13,519186,65756,11,2,0,16192,0,499442,69308,0,0,6,0,2,5,0,900000,0,0,0,0,900000.0,0.0,0.0,0,900000
1558031400000,1558032300000,UTC+0900,2019-05-17 03:30:00,2019-05-17 03:45:00,97879,6,97879,0,6,0,0,22439,0,74518,922,0,0,4,0,1,1,0,900000,0,0,0,0,900000.0,0.0,0.0,0,900000
1558032300000,1558033200000,UTC+0900,2019-05-17 03:45:00,2019-05-17 04:00:00,317703,1,317703,0,1,0,0,0,0,317703,0,0,0,0,0,1,0,0,900000,0,0,0,0,900000.0,0.0,0.0,0,900000
1558033200000,1558034100000,UTC+0900,2019-05-17 04:00:00,2019-05-17 04:15:00,98300,6,98300,0,6,0,0,0,0,98258,0,42,0,0,0,3,0,3,900000,0,0,0,0,900000.0,0.0,0.0,0,900000
1558034100000,1558035000000,UTC+0900,2019-05-17 04:15:00,2019-05-17 04:30:00,402805,21,268407,134398,8,13,0,0,96224,257859,48722,0,0,0,4,2,15,0,900000,0,0,0,0,900000.0,0.0,0.0,0,900000
1558035000000,1558035900000,UTC+0900,2019-05-17 04:30:00,2019-05-17 04:45:00,86191,5,3063,83128,2,3,0,0,76224,0,9967,0,0,0,2,0,3,0,900000,0,0,0,0,900000.0,0.0,0.0,0,900000
1558035900000,1558036800000,UTC+0900,2019-05-17 04:45:00,2019-05-17 05:00:00,3669,1,0,3669,0,1,0,0,3669,0,0,0,0,0,1,0,0,0,900000,0,0,0,0,900000.0,0.0,0.0,0,900000
1558042200000,1558043100000,UTC+0900,2019-05-17 06:30:00,2019-05-17 06:45:00,0,0,0,0,0,0,0,0,0,0,0,0,0,0,0,0,0,0,900000,0,0,0,0,900000.0,0.0,0.0,0,900000
1558043100000,1558044000000,UTC+0900,2019-05-17 06:45:00,2019-05-17 07:00:00,0,0,0,0,0,0,0,0,0,0,0,0,0,0,0,0,0,0,900000,0,0,0,0,900000.0,0.0,0.0,0,900000
1558050300000,1558051200000,UTC+0900,2019-05-17 08:45:00,2019-05-17 09:00:00,0,0,0,0,0,0,0,0,0,0,0,0,0,0,0,0,0,0,900000,0,0,0,0,900000.0,0.0,0.0,0,900000
1558051200000,1558052100000,UTC+0900,2019-05-17 09:00:00,2019-05-17 09:15:00,56,2,22,34,1,1,0,0,34,0,0,22,0,0,1,0,0,1,900000,0,0,0,0,900000.0,0.0,0.0,0,900000
1558052100000,1558053000000,UTC+0900,2019-05-17 09:15:00,2019-05-17 09:30:00,0,0,0,0,0,0,0,0,0,0,0,0,0,0,0,0,0,0,900000,0,0,0,0,900000.0,0.0,0.0,0,900000
1558053000000,1558053900000,UTC+0900,2019-05-17 09:30:00,2019-05-17 09:45:00,0,0,0,0,0,0,0,0,0,0,0,0,0,0,0,0,0,0,900000,0,0,0,0,900000.0,0.0,0.0,0,900000
1558053900000,1558054800000,UTC+0900,2019-05-17 09:45:00,2019-05-17 10:00:00,45806,17,35032,10774,10,7,0,13872,1244,0,30690,0,0,6,1,0,10,0,900000,0,0,0,0,900000.0,0.0,0.0,0,900000
1558065600000,1558066500000,UTC+0900,2019-05-17 13:00:00,2019-05-17 13:15:00,649375,3,649375,0,3,0,0,0,0,649301,0,74,0,0,0,2,0,1,900000,0,0,0,0,900000.0,0.0,0.0,0,900000
1558066500000,1558067400000,UTC+0900,2019-05-17 13:15:00,2019-05-17 13:30:00,5843,3,63,5780,1,2,0,5780,0,63,0,0,0,2,0,1,0,0,900000,0,0,0,0,900000.0,0.0,0.0,0,900000
1558067400000,1558068300000,UTC+0900,2019-05-17 13:30:00,2019-05-17 13:45:00,0,0,0,0,0,0,0,0,0,0,0,0,0,0,0,0,0,0,900000,0,0,0,0,900000.0,0.0,0.0,0,900000
1558068300000,1558069200000,UTC+0900,2019-05-17 13:45:00,2019-05-17 14:00:00,447885,2,447885,0,2,0,0,0,0,447885,0,0,0,0,0,2,0,0,900000,0,0,0,0,900000.0,0.0,0.0,0,900000
1558069200000,1558070100000,UTC+0900,2019-05-17 14:00:00,2019-05-17 14:15:00,35044,6,14482,20562,4,2,610,0,0,2610,31796,28,1,0,0,2,2,1,900000,0,0,0,0,900000.0,0.0,0.0,0,900000
1558070100000,1558071000000,UTC+0900,2019-05-17 14:15:00,2019-05-17 14:30:00,130796,40,55564,75232,31,9,73344,48175,0,72,9205,0,7,24,0,1,8,0,900000,0,0,0,0,900000.0,0.0,0.0,0,900000
1558071000000,1558071900000,UTC+0900,2019-05-17 14:30:00,2019-05-17 14:45:00,85745,12,85745,0,12,0,0,0,0,73950,11795,0,0,0,0,10,2,0,900000,0,0,0,0,900000.0,0.0,0.0,0,900000
1558071900000,1558072800000,UTC+0900,2019-05-17 14:45:00,2019-05-17 15:00:00,0,0,0,0,0,0,0,0,0,0,0,0,0,0,0,0,0,0,900000,0,0,0,0,900000.0,0.0,0.0,0,900000
1558072800000,1558073700000,UTC+0900,2019-05-17 15:00:00,2019-05-17 15:15:00,56,2,56,0,2,0,0,0,0,38,0,18,0,0,0,1,0,1,900000,0,0,0,0,900000.0,0.0,0.0,0,900000
1558073700000,1558074600000,UTC+0900,2019-05-17 15:15:00,2019-05-17 15:30:00,20101,5,3762,16339,2,3,0,0,0,2699,17402,0,0,0,0,1,4,0,900000,0,0,0,0,900000.0,0.0,0.0,0,900000
1558074600000,1558075500000,UTC+0900,2019-05-17 15:30:00,2019-05-17 15:45:00,31120,7,0,31120,0,7,0,0,0,0,31120,0,0,0,0,0,7,0,900000,0,0,0,0,900000.0,0.0,0.0,0,900000
1558075500000,1558076400000,UTC+0900,2019-05-17 15:45:00,2019-05-17 16:00:00,0,0,0,0,0,0,0,0,0,0,0,0,0,0,0,0,0,0,900000,0,0,0,0,900000.0,0.0,0.0,0,900000
1558076400000,1558077300000,UTC+0900,2019-05-17 16:00:00,2019-05-17 16:15:00,68043,8,6242,61801,5,3,0,5580,0,0,62439,24,0,3,0,0,4,1,900000,0,0,0,0,900000.0,0.0,0.0,0,900000
1558077300000,1558078200000,UTC+0900,2019-05-17 16:15:00,2019-05-17 16:30:00,0,0,0,0,0,0,0,0,0,0,0,0,0,0,0,0,0,0,900000,0,0,0,0,900000.0,0.0,0.0,0,900000
1558078200000,1558079100000,UTC+0900,2019-05-17 16:30:00,2019-05-17 16:45:00,111187,19,84647,26540,11,8,0,76172,0,0,35015,0,0,7,0,0,12,0,900000,0,0,0,0,900000.0,0.0,0.0,0,900000
1558079100000,1558080000000,UTC+0900,2019-05-17 16:45:00,2019-05-17 17:00:00,1906,1,1906,0,1,0,0,0,0,0,1906,0,0,0,0,0,1,0,900000,0,0,0,0,900000.0,0.0,0.0,0,900000
1558080000000,1558080900000,UTC+0900,2019-05-17 17:00:00,2019-05-17 17:15:00,499946,77,452452,47494,68,9,16910,314662,13410,103624,51303,37,3,53,5,2,13,1,900000,0,0,0,0,900000.0,0.0,0.0,0,900000
1558080900000,1558081800000,UTC+0900,2019-05-17 17:15:00,2019-05-17 17:30:00,772258,17,772258,0,17,0,0,106674,0,662635,2949,0,0,15,0,1,1,0,900000,0,0,0,0,900000.0,0.0,0.0,0,900000
1558081800000,1558082700000,UTC+0900,2019-05-17 17:30:00,2019-05-17 17:45:00,179353,52,172301,7052,46,6,0,134692,0,0,44661,0,0,38,0,0,14,0,387317,512683,0,0,0,353987.0,298001.0,0.0,0,387317
1558082700000,1558083600000,UTC+0900,2019-05-17 17:45:00,2019-05-17 18:00:00,0,0,0,0,0,0,0,0,0,0,0,0,0,0,0,0,0,0,803555,96445,0,0,0,0.0,900000.0,0.0,0,803555
1558083600000,1558084500000,UTC+0900,2019-05-17 18:00:00,2019-05-17 18:15:00,62220,3,62220,0,3,0,0,0,0,0,62200,20,0,0,0,0,2,1,900000,0,0,0,0,0.0,900000.0,0.0,0,900000
1558084500000,1558085400000,UTC+0900,2019-05-17 18:15:00,2019-05-17 18:30:00,0,0,0,0,0,0,0,0,0,0,0,0,0,0,0,0,0,0,900000,0,0,0,0,0.0,900000.0,0.0,0,900000
1558085400000,1558086300000,UTC+0900,2019-05-17 18:30:00,2019-05-17 18:45:00,55771,13,27128,28643,11,2,18,10447,0,0,45306,0,1,6,0,0,6,0,591906,308094,0,0,0,0.0,720269.0,0.0,0,591906
1558086300000,1558087200000,UTC+0900,2019-05-17 18:45:00,2019-05-17 19:00:00,15200,5,15121,79,4,1,79,15121,0,0,0,0,1,4,0,0,0,0,0,900000,0,0,0,0.0,900000.0,0.0,0,0
1558087200000,1558088100000,UTC+0900,2019-05-17 19:00:00,2019-05-17 19:15:00,117181,28,112819,4362,25,3,0,109827,0,0,7332,22,0,20,0,0,5,3,743445,156555,0,0,0,0.0,900000.0,0.0,0,743445
1558088100000,1558089000000,UTC+0900,2019-05-17 19:15:00,2019-05-17 19:30:00,132779,24,122989,9790,15,9,0,107943,0,0,24836,0,0,11,0,0,13,0,371925,528075,0,0,0,234947.0,186425.0,0.0,0,371925
1558089000000,1558089900000,UTC+0900,2019-05-17 19:30:00,2019-05-17 19:45:00,209562,58,188706,20856,45,13,0,136535,2810,0,70217,0,0,42,4,0,12,0,686537,213463,0,0,0,749693.0,0.0,0.0,0,686537
1558089900000,1558090800000,UTC+0900,2019-05-17 19:45:00,2019-05-17 20:00:00,182324,52,173091,9233,47,5,9070,145209,0,163,27882,0,4,40,0,1,7,0,0,900000,0,0,0,0.0,0.0,0.0,0,0
1558090800000,1558091700000,UTC+0900,2019-05-17 20:00:00,2019-05-17 20:15:00,50243,17,50243,0,17,0,0,44890,0,0,5299,54,0,15,0,0,1,1,0,900000,0,0,0,0.0,0.0,0.0,0,0
1558091700000,1558092600000,UTC+0900,2019-05-17 20:15:00,2019-05-17 20:30:00,48,3,25,23,2,1,0,25,0,0,23,0,0,2,0,0,1,0,0,900000,0,0,0,0.0,0.0,0.0,0,0
1558092600000,1558093500000,UTC+0900,2019-05-17 20:30:00,2019-05-17 20:45:00,24676,13,24676,0,13,0,0,16223,0,0,8453,0,0,8,0,0,5,0,632981,267019,0,0,0,0.0,0.0,632635.0,0,632981
1558093500000,1558094400000,UTC+0900,2019-05-17 20:45:00,2019-05-17 21:00:00,30642,9,30642,0,9,0,0,6359,0,0,24283,0,0,6,0,0,3,0,900000,0,0,0,0,0.0,0.0,900000.0,0,900000
1558094400000,1558095300000,UTC+0900,2019-05-17 21:00:00,2019-05-17 21:15:00,192101,68,123343,68758,40,28,68758,118530,0,0,4795,18,28,33,0,0,6,1,900000,0,0,0,0,0.0,0.0,807743.0,0,900000
1558095300000,1558096200000,UTC+0900,2019-05-17 21:15:00,2019-05-17 21:30:00,5189,3,5189,0,3,0,0,5189,0,0,0,0,0,3,0,0,0,0,900000,0,0,0,0,0.0,0.0,900000.0,0,900000
1558096200000,1558097100000,UTC+0900,2019-05-17 21:30:00,2019-05-17 21:45:00,24523,7,24523,0,7,0,0,13313,0,0,11210,0,0,5,0,0,2,0,900000,0,0,0,0,0.0,0.0,900000.0,0,900000
1558097100000,1558098000000,UTC+0900,2019-05-17 21:45:00,2019-05-17 22:00:00,0,0,0,0,0,0,0,0,0,0,0,0,0,0,0,0,0,0,900000,0,0,0,0,0.0,0.0,900000.0,0,900000
1558098000000,1558098900000,UTC+0900,2019-05-17 22:00:00,2019-05-17 22:15:00,6753,6,6753,0,6,0,0,5485,0,0,1251,17,0,3,0,0,2,1,900000,0,0,0,0,0.0,0.0,900000.0,0,900000
1558098900000,1558099800000,UTC+0900,2019-05-17 22:15:00,2019-05-17 22:30:00,0,0,0,0,0,0,0,0,0,0,0,0,0,0,0,0,0,0,900000,0,0,0,0,0.0,0.0,900000.0,0,900000
1558099800000,1558100700000,UTC+0900,2019-05-17 22:30:00,2019-05-17 22:45:00,0,0,0,0,0,0,0,0,0,0,0,0,0,0,0,0,0,0,900000,0,0,0,0,0.0,0.0,900000.0,0,900000
1558100700000,1558101600000,UTC+0900,2019-05-17 22:45:00,2019-05-17 23:00:00,6212,3,6212,0,3,0,0,6212,0,0,0,0,0,3,0,0,0,0,900000,0,0,0,0,0.0,0.0,900000.0,0,900000
1558101600000,1558102500000,UTC+0900,2019-05-17 23:00:00,2019-05-17 23:15:00,3214,5,3214,0,5,0,0,3190,0,0,0,24,0,4,0,0,0,1,900000,0,0,0,0,0.0,0.0,900000.0,0,900000
1558102500000,1558103400000,UTC+0900,2019-05-17 23:15:00,2019-05-17 23:30:00,116310,29,116310,0,29,0,0,101933,0,0,14377,0,0,26,0,0,3,0,900000,0,0,0,0,0.0,0.0,900000.0,0,900000
1558103400000,1558104300000,UTC+0900,2019-05-17 23:30:00,2019-05-17 23:45:00,44064,17,44064,0,17,0,0,44064,0,0,0,0,0,17,0,0,0,0,900000,0,0,0,0,0.0,0.0,900000.0,0,900000
1558104300000,1558105200000,UTC+0900,2019-05-17 23:45:00,2019-05-18 00:00:00,89568,18,35688,53880,13,5,0,49280,0,15707,24581,0,0,12,0,2,4,0,900000,0,0,0,0,0.0,0.0,900000.0,0,900000
1558105200000,1558106100000,UTC+0900,2019-05-18 00:00:00,2019-05-18 00:15:00,67493,29,62657,4836,27,2,0,55858,0,0,11621,14,0,23,0,0,5,1,900000,0,0,0,0,0.0,0.0,900000.0,0,900000
1558106100000,1558107000000,UTC+0900,2019-05-18 00:15:00,2019-05-18 00:30:00,93250,18,78429,14821,16,2,0,92232,0,0,1018,0,0,17,0,0,1,0,900000,0,0,0,0,0.0,0.0,900000.0,0,900000
1558107000000,1558107900000,UTC+0900,2019-05-18 00:30:00,2019-05-18 00:45:00,0,0,0,0,0,0,0,0,0,0,0,0,0,0,0,0,0,0,900000,0,0,0,0,0.0,0.0,900000.0,0,900000
1558107900000,1558108800000,UTC+0900,2019-05-18 00:45:00,2019-05-18 01:00:00,0,0,0,0,0,0,0,0,0,0,0,0,0,0,0,0,0,0,900000,0,0,0,0,0.0,0.0,900000.0,0,900000
1558108800000,1558109700000,UTC+0900,2019-05-18 01:00:00,2019-05-18 01:15:00,217782,54,82320,135462,33,21,0,32247,0,130868,54628,39,0,21,0,16,16,1,900000,0,0,0,0,0.0,0.0,505990.0,0,900000
1558109700000,1558110600000,UTC+0900,2019-05-18 01:15:00,2019-05-18 01:30:00,23245,5,7584,15661,4,1,0,4798,0,15661,2786,0,0,2,0,1,2,0,18873,0,0,881127,0,0.0,645228.0,0.0,0,900000
1558110600000,1558111500000,UTC+0900,2019-05-18 01:30:00,2019-05-18 01:45:00,0,0,0,0,0,0,0,0,0,0,0,0,0,0,0,0,0,0,0,0,0,900000,0,0.0,900000.0,0.0,0,900000
1558123200000,1558124100000,UTC+0900,2019-05-18 05:00:00,2019-05-18 05:15:00,406625,12,406625,0,12,0,0,62108,0,327856,16661,0,0,8,0,2,2,0,315535,584465,0,0,0,496550.0,0.0,0.0,0,315535
1558124100000,1558125000000,UTC+0900,2019-05-18 05:15:00,2019-05-18 05:30:00,29770,1,29770,0,1,0,0,0,0,29770,0,0,0,0,0,1,0,0,900000,0,0,0,0,900000.0,0.0,0.0,0,900000
1558125000000,1558125900000,UTC+0900,2019-05-18 05:30:00,2019-05-18 05:45:00,900000,1,900000,0,1,0,0,0,0,900000,0,0,0,0,0,1,0,0,900000,0,0,0,0,900000.0,0.0,0.0,0,900000
1558125900000,1558126800000,UTC+0900,2019-05-18 05:45:00,2019-05-18 06:00:00,463207,25,447926,15281,21,4,0,36252,0,405828,21127,0,0,13,0,3,9,0,900000,0,0,0,0,900000.0,0.0,0.0,0,900000
1558126800000,1558127700000,UTC+0900,2019-05-18 06:00:00,2019-05-18 06:15:00,0,0,0,0,0,0,0,0,0,0,0,0,0,0,0,0,0,0,900000,0,0,0,0,900000.0,0.0,0.0,0,900000
1558127700000,1558128600000,UTC+0900,2019-05-18 06:15:00,2019-05-18 06:30:00,0,0,0,0,0,0,0,0,0,0,0,0,0,0,0,0,0,0,900000,0,0,0,0,900000.0,0.0,0.0,0,900000
1558128600000,1558129500000,UTC+0900,2019-05-18 06:30:00,2019-05-18 06:45:00,0,0,0,0,0,0,0,0,0,0,0,0,0,0,0,0,0,0,900000,0,0,0,0,900000.0,0.0,0.0,0,900000
1558129500000,1558130400000,UTC+0900,2019-05-18 06:45:00,2019-05-18 07:00:00,0,0,0,0,0,0,0,0,0,0,0,0,0,0,0,0,0,0,900000,0,0,0,0,900000.0,0.0,0.0,0,900000
1558130400000,1558131300000,UTC+0900,2019-05-18 07:00:00,2019-05-18 07:15:00,0,0,0,0,0,0,0,0,0,0,0,0,0,0,0,0,0,0,900000,0,0,0,0,900000.0,0.0,0.0,0,900000
1558131300000,1558132200000,UTC+0900,2019-05-18 07:15:00,2019-05-18 07:30:00,0,0,0,0,0,0,0,0,0,0,0,0,0,0,0,0,0,0,900000,0,0,0,0,900000.0,0.0,0.0,0,900000
1558132200000,1558133100000,UTC+0900,2019-05-18 07:30:00,2019-05-18 07:45:00,0,0,0,0,0,0,0,0,0,0,0,0,0,0,0,0,0,0,900000,0,0,0,0,900000.0,0.0,0.0,0,900000
1558133100000,1558134000000,UTC+0900,2019-05-18 07:45:00,2019-05-18 08:00:00,0,0,0,0,0,0,0,0,0,0,0,0,0,0,0,0,0,0,900000,0,0,0,0,900000.0,0.0,0.0,0,900000
1558152900000,1558153800000,UTC+0900,2019-05-18 13:15:00,2019-05-18 13:30:00,841322,51,774020,67302,43,8,45737,128194,0,630419,36972,0,6,30,0,3,12,0,743169,156831,0,0,0,0.0,0.0,0.0,0,743169
1558153800000,1558154700000,UTC+0900,2019-05-18 13:30:00,2019-05-18 13:45:00,527902,20,469369,58533,10,10,0,13726,58533,447601,8042,0,0,5,10,2,3,0,900000,0,0,0,0,405977.0,0.0,0.0,0,900000
1558154700000,1558155600000,UTC+0900,2019-05-18 13:45:00,2019-05-18 14:00:00,0,0,0,0,0,0,0,0,0,0,0,0,0,0,0,0,0,0,900000,0,0,0,0,900000.0,0.0,0.0,0,900000
1558155600000,1558156500000,UTC+0900,2019-05-18 14:00:00,2019-05-18 14:15:00,16684,1,0,16684,0,1,0,0,16684,0,0,0,0,0,1,0,0,0,900000,0,0,0,0,900000.0,0.0,0.0,0,900000
1558156500000,1558157400000,UTC+0900,2019-05-18 14:15:00,2019-05-18 14:30:00,134000,3,0,134000,0,3,0,0,134000,0,0,0,0,0,3,0,0,0,900000,0,0,0,0,900000.0,0.0,0.0,0,900000
1558157400000,1558158300000,UTC+0900,2019-05-18 14:30:00,2019-05-18 14:45:00,610341,6,0,610341,0,6,0,0,610341,0,0,0,0,0,6,0,0,0,845277,54723,0,0,0,900000.0,0.0,0.0,0,845277
1558158300000,1558159200000,UTC+0900,2019-05-18 14:45:00,2019-05-18 15:00:00,254120,19,1886,252234,2,17,57945,0,194289,0,1886,0,7,0,10,0,2,0,900000,0,0,0,0,900000.0,0.0,0.0,0,900000
1558159200000,1558160100000,UTC+0900,2019-05-18 15:00:00,2019-05-18 15:15:00,194114,34,188052,6062,32,2,0,184194,5529,0,4391,0,0,30,1,0,3,0,900000,0,0,0,0,900000.0,0.0,0.0,0,900000
1558160100000,1558161000000,UTC+0900,2019-05-18 15:15:00,2019-05-18 15:30:00,0,0,0,0,0,0,0,0,0,0,0,0,0,0,0,0,0,0,900000,0,0,0,0,900000.0,0.0,0.0,0,900000
1558161000000,1558161900000,UTC+0900,2019-05-18 15:30:00,2019-05-18 15:45:00,225691,12,155605,70086,10,2,0,221068,0,0,4623,0,0,11,0,0,1,0,900000,0,0,0,0,900000.0,0.0,0.0,0,900000
1558161900000,1558162800000,UTC+0900,2019-05-18 15:45:00,2019-05-18 16:00:00,40723,22,34366,6357,18,4,0,27886,0,0,12837,0,0,15,0,0,7,0,900000,0,0,0,0,900000.0,0.0,0.0,0,900000
1558162800000,1558163700000,UTC+0900,2019-05-18 16:00:00,2019-05-18 16:15:00,134646,20,69496,65150,10,10,0,68866,64151,0,1629,0,0,9,9,0,2,0,900000,0,0,0,0,900000.0,0.0,0.0,0,900000
1558163700000,1558164600000,UTC+0900,2019-05-18 16:15:00,2019-05-18 16:30:00,203328,27,203328,0,27,0,0,93465,0,102494,7369,0,0,22,0,2,3,0,900000,0,0,0,0,900000.0,0.0,0.0,0,900000
1558164600000,1558165500000,UTC+0900,2019-05-18 16:30:00,2019-05-18 16:45:00,249393,13,249393,0,13,0,0,0,0,184507,64886,0,0,0,0,11,2,0,900000,0,0,0,0,900000.0,0.0,0.0,0,900000
1558165500000,1558166400000,UTC+0900,2019-05-18 16:45:00,2019-05-18 17:00:00,308531,7,308531,0,7,0,0,0,0,308531,0,0,0,0,0,7,0,0,900000,0,0,0,0,900000.0,0.0,0.0,0,900000
1558166400000,1558167300000,UTC+0900,2019-05-18 17:00:00,2019-05-18 17:15:00,50434,1,50434,0,1,0,0,0,0,50434,0,0,0,0,0,1,0,0,900000,0,0,0,0,900000.0,0.0,0.0,0,900000
1558167300000,1558168200000,UTC+0900,2019-05-18 17:15:00,2019-05-18 17:30:00,117039,18,117039,0,18,0,0,34140,0,77469,5430,0,0,9,0,7,2,0,900000,0,0,0,0,900000.0,0.0,0.0,0,900000
1558168200000,1558169100000,UTC+0900,2019-05-18 17:30:00,2019-05-18 17:45:00,550837,14,550837,0,14,0,0,118768,0,427984,4085,0,0,12,0,1,1,0,658868,241132,0,0,0,731607.0,0.0,0.0,0,658868
1558169100000,1558170000000,UTC+0900,2019-05-18 17:45:00,2019-05-18 18:00:00,899927,3,899927,0,3,0,0,0,0,898900,1027,0,0,0,0,2,1,0,900000,0,0,0,0,900000.0,0.0,0.0,0,900000
1558170000000,1558170900000,UTC+0900,2019-05-18 18:00:00,2019-05-18 18:15:00,879746,27,873718,6028,26,1,0,32618,0,818701,28427,0,0,12,0,8,7,0,900000,0,0,0,0,900000.0,0.0,0.0,0,900000
1558170900000,1558171800000,UTC+0900,2019-05-18 18:15:00,2019-05-18 18:30:00,867878,49,861078,6800,44,5,0,108509,0,721901,37468,0,0,29,0,6,14,0,900000,0,0,0,0,900000.0,0.0,0.0,0,900000
1558171800000,1558172700000,UTC+0900,2019-05-18 18:30:00,2019-05-18 18:45:00,899668,6,899668,0,6,0,0,292280,0,607388,0,0,0,2,0,4,0,0,900000,0,0,0,0,900000.0,0.0,0.0,0,900000
1558172700000,1558173600000,UTC+0900,2019-05-18 18:45:00,2019-05-18 19:00:00,879245,20,445787,433458,15,5,6177,444542,0,402840,25686,0,1,11,0,2,6,0,900000,0,0,0,0,900000.0,0.0,0.0,0,900000
1558173600000,1558174500000,UTC+0900,2019-05-18 19:00:00,2019-05-18 19:15:00,890389,3,371282,519107,2,1,0,519107,0,367610,3672,0,0,1,0,1,1,0,401862,0,0,498138,0,884372.0,0.0,0.0,0,900000
1558174500000,1558175400000,UTC+0900,2019-05-18 19:15:00,2019-05-18 19:30:00,177560,1,177560,0,1,0,0,0,0,177560,0,0,0,0,0,1,0,0,0,0,0,900000,0,900000.0,0.0,0.0,0,900000
1558175400000,1558176300000,UTC+0900,2019-05-18 19:30:00,2019-05-18 19:45:00,248899,7,248899,0,7,0,0,0,0,248864,0,35,0,0,0,4,0,3,852532,0,0,47468,0,900000.0,0.0,0.0,0,900000
1558181700000,1558182600000,UTC+0900,2019-05-18 21:15:00,2019-05-18 21:30:00,0,0,0,0,0,0,0,0,0,0,0,0,0,0,0,0,0,0,900000,0,0,0,0,900000.0,0.0,0.0,0,900000
1558182600000,1558183500000,UTC+0900,2019-05-18 21:30:00,2019-05-18 21:45:00,195144,24,155883,39261,21,3,0,75937,0,81986,37071,150,0,10,0,9,4,1,900000,0,0,0,0,900000.0,0.0,0.0,0,900000
1558183500000,1558184400000,UTC+0900,2019-05-18 21:45:00,2019-05-18 22:00:00,0,0,0,0,0,0,0,0,0,0,0,0,0,0,0,0,0,0,900000,0,0,0,0,900000.0,0.0,0.0,0,900000
1558184400000,1558185300000,UTC+0900,2019-05-18 22:00:00,2019-05-18 22:15:00,363797,75,201163,162634,65,10,0,102842,0,234790,26165,0,0,41,0,18,16,0,900000,0,0,0,0,900000.0,0.0,0.0,0,900000
1558185300000,1558186200000,UTC+0900,2019-05-18 22:15:00,2019-05-18 22:30:00,560548,22,560548,0,22,0,0,9830,0,528329,22389,0,0,9,0,6,7,0,900000,0,0,0,0,900000.0,0.0,0.0,0,900000
1558186200000,1558187100000,UTC+0900,2019-05-18 22:30:00,2019-05-18 22:45:00,896610,68,693363,203247,25,43,77919,26526,125328,646857,19869,111,26,11,17,3,10,1,900000,0,0,0,0,900000.0,0.0,0.0,0,900000
1558187100000,1558188000000,UTC+0900,2019-05-18 22:45:00,2019-05-18 23:00:00,899083,11,899083,0,11,0,0,19307,0,877389,2387,0,0,7,0,2,2,0,900000,0,0,0,0,900000.0,0.0,0.0,0,900000
1558188000000,1558188900000,UTC+0900,2019-05-18 23:00:00,2019-05-18 23:15:00,664875,41,664875,0,41,0,0,602445,0,61551,879,0,0,39,0,1,1,0,900000,0,0,0,0,900000.0,0.0,0.0,0,900000
1558188900000,1558189800000,UTC+0900,2019-05-18 23:15:00,2019-05-18 23:30:00,774464,48,774464,0,48,0,0,515231,0,251440,7793,0,0,40,0,2,6,0,900000,0,0,0,0,900000.0,0.0,0.0,0,900000
1558189800000,1558190700000,UTC+0900,2019-05-18 23:30:00,2019-05-18 23:45:00,404037,27,321355,82682,22,5,82062,201359,0,114031,6500,85,4,16,0,2,4,1,900000,0,0,0,0,900000.0,0.0,0.0,0,900000
1558190700000,1558191600000,UTC+0900,2019-05-18 23:45:00,2019-05-19 00:00:00,137367,5,103277,34090,3,2,33080,0,0,97554,6733,0,1,0,0,1,3,0,900000,0,0,0,0,900000.0,0.0,0.0,0,900000
1558191600000,1558192500000,UTC+0900,2019-05-19 00:00:00,2019-05-19 00:15:00,435549,30,299543,136006,28,2,29719,296897,0,0,108933,0,1,26,0,0,3,0,900000,0,0,0,0,900000.0,0.0,0.0,0,900000
1558192500000,1558193400000,UTC+0900,2019-05-19 00:15:00,2019-05-19 00:30:00,864792,9,861052,3740,8,1,0,7849,0,847295,9648,0,0,5,0,1,3,0,900000,0,0,0,0,900000.0,0.0,0.0,0,900000
1558193400000,1558194300000,UTC+0900,2019-05-19 00:30:00,2019-05-19 00:45:00,899666,3,899666,0,3,0,0,0,0,899553,0,113,0,0,0,2,0,1,900000,0,0,0,0,900000.0,0.0,0.0,0,900000
1558194300000,1558195200000,UTC+0900,2019-05-19 00:45:00,2019-05-19 01:00:00,69320,1,69320,0,1,0,0,0,0,69320,0,0,0,0,0,1,0,0,900000,0,0,0,0,900000.0,0.0,0.0,0,900000
1558195200000,1558196100000,UTC+0900,2019-05-19 01:00:00,2019-05-19 01:15:00,0,0,0,0,0,0,0,0,0,0,0,0,0,0,0,0,0,0,900000,0,0,0,0,900000.0,0.0,0.0,0,900000
1558196100000,1558197000000,UTC+0900,2019-05-19 01:15:00,2019-05-19 01:30:00,0,0,0,0,0,0,0,0,0,0,0,0,0,0,0,0,0,0,900000,0,0,0,0,900000.0,0.0,0.0,0,900000
1558197000000,1558197900000,UTC+0900,2019-05-19 01:30:00,2019-05-19 01:45:00,29711,9,29711,0,9,0,0,27106,0,1508,1079,18,0,5,0,2,1,1,900000,0,0,0,0,900000.0,0.0,0.0,0,900000
1558204200000,1558205100000,UTC+0900,2019-05-19 03:30:00,2019-05-19 03:45:00,844376,46,844376,0,46,0,0,372907,0,464809,4333,2327,0,37,0,3,5,1,900000,0,0,0,0,900000.0,0.0,0.0,0,900000
1558205100000,1558206000000,UTC+0900,2019-05-19 03:45:00,2019-05-19 04:00:00,383680,17,55620,328060,11,6,0,8543,0,33378,341759,0,0,6,0,1,10,0,900000,0,0,0,0,900000.0,0.0,0.0,0,900000
1558206000000,1558206900000,UTC+0900,2019-05-19 04:00:00,2019-05-19 04:15:00,624104,11,257039,367065,8,3,0,29574,0,219854,374676,0,0,5,0,1,5,0,900000,0,0,0,0,900000.0,0.0,0.0,0,900000
1558206900000,1558207800000,UTC+0900,2019-05-19 04:15:00,2019-05-19 04:30:00,900000,1,900000,0,1,0,0,0,0,900000,0,0,0,0,0,1,0,0,900000,0,0,0,0,900000.0,0.0,0.0,0,900000
1558207800000,1558208700000,UTC+0900,2019-05-19 04:30:00,2019-05-19 04:45:00,413038,3,413038,0,3,0,0,0,0,413014,0,24,0,0,0,2,0,1,900000,0,0,0,0,900000.0,0.0,0.0,0,900000
1558208700000,1558209600000,UTC+0900,2019-05-19 04:45:00,2019-05-19 05:00:00,0,0,0,0,0,0,0,0,0,0,0,0,0,0,0,0,0,0,900000,0,0,0,0,900000.0,0.0,0.0,0,900000
1558209600000,1558210500000,UTC+0900,2019-05-19 05:00:00,2019-05-19 05:15:00,0,0,0,0,0,0,0,0,0,0,0,0,0,0,0,0,0,0,900000,0,0,0,0,900000.0,0.0,0.0,0,900000
1558218600000,1558219500000,UTC+0900,2019-05-19 07:30:00,2019-05-19 07:45:00,34,2,34,0,2,0,0,0,0,14,0,20,0,0,0,1,0,1,900000,0,0,0,0,900000.0,0.0,0.0,0,900000
1558219500000,1558220400000,UTC+0900,2019-05-19 07:45:00,2019-05-19 08:00:00,0,0,0,0,0,0,0,0,0,0,0,0,0,0,0,0,0,0,900000,0,0,0,0,900000.0,0.0,0.0,0,900000
1558225800000,1558226700000,UTC+0900,2019-05-19 09:30:00,2019-05-19 09:45:00,47,2,47,0,2,0,0,0,0,29,0,18,0,0,0,1,0,1,900000,0,0,0,0,900000.0,0.0,0.0,0,900000
1558226700000,1558227600000,UTC+0900,2019-05-19 09:45:00,2019-05-19 10:00:00,0,0,0,0,0,0,0,0,0,0,0,0,0,0,0,0,0,0,900000,0,0,0,0,900000.0,0.0,0.0,0,900000
1558227600000,1558228500000,UTC+0900,2019-05-19 10:00:00,2019-05-19 10:15:00,0,0,0,0,0,0,0,0,0,0,0,0,0,0,0,0,0,0,900000,0,0,0,0,900000.0,0.0,0.0,0,900000
1558228500000,1558229400000,UTC+0900,2019-05-19 10:15:00,2019-05-19 10:30:00,0,0,0,0,0,0,0,0,0,0,0,0,0,0,0,0,0,0,900000,0,0,0,0,900000.0,0.0,0.0,0,900000
1558232100000,1558233000000,UTC+0900,2019-05-19 11:15:00,2019-05-19 11:30:00,28190,7,28190,0,7,0,0,14900,0,0,13290,0,0,6,0,0,1,0,900000,0,0,0,0,900000.0,0.0,0.0,0,900000
1558233000000,1558233900000,UTC+0900,2019-05-19 11:30:00,2019-05-19 11:45:00,154999,22,153865,1134,20,2,0,49434,1134,88667,15733,31,0,14,2,1,4,1,900000,0,0,0,0,900000.0,0.0,0.0,0,900000
1558233900000,1558234800000,UTC+0900,2019-05-19 11:45:00,2019-05-19 12:00:00,900000,1,900000,0,1,0,0,0,0,900000,0,0,0,0,0,1,0,0,900000,0,0,0,0,900000.0,0.0,0.0,0,900000
1558234800000,1558235700000,UTC+0900,2019-05-19 12:00:00,2019-05-19 12:15:00,899889,3,899889,0,3,0,0,42136,0,856597,1156,0,0,1,0,1,1,0,900000,0,0,0,0,900000.0,0.0,0.0,0,900000
1558235700000,1558236600000,UTC+0900,2019-05-19 12:15:00,2019-05-19 12:30:00,899098,18,886490,12608,13,5,10100,617575,0,255885,15538,0,4,6,0,1,7,0,900000,0,0,0,0,900000.0,0.0,0.0,0,900000
1558236600000,1558237500000,UTC+0900,2019-05-19 12:30:00,2019-05-19 12:45:00,873726,10,868957,4769,8,2,0,864285,0,0,9327,114,0,5,0,0,4,1,900000,0,0,0,0,900000.0,0.0,0.0,0,900000
1558237500000,1558238400000,UTC+0900,2019-05-19 12:45:00,2019-05-19 13:00:00,79584,9,79584,0,9,0,0,78889,0,0,695,0,0,8,0,0,1,0,900000,0,0,0,0,900000.0,0.0,0.0,0,900000
1558238400000,1558239300000,UTC+0900,2019-05-19 13:00:00,2019-05-19 13:15:00,0,0,0,0,0,0,0,0,0,0,0,0,0,0,0,0,0,0,900000,0,0,0,0,900000.0,0.0,0.0,0,900000
1558239300000,1558240200000,UTC+0900,2019-05-19 13:15:00,2019-05-19 13:30:00,73956,9,73956,0,9,0,0,73956,0,0,0,0,0,9,0,0,0,0,900000,0,0,0,0,900000.0,0.0,0.0,0,900000
1558240200000,1558241100000,UTC+0900,2019-05-19 13:30:00,2019-05-19 13:45:00,131393,24,131393,0,24,0,0,130451,0,0,914,28,0,22,0,0,1,1,900000,0,0,0,0,900000.0,0.0,0.0,0,900000
1558241100000,1558242000000,UTC+0900,2019-05-19 13:45:00,2019-05-19 14:00:00,289503,28,289503,0,28,0,0,287532,0,0,1971,0,0,26,0,0,2,0,900000,0,0,0,0,900000.0,0.0,0.0,0,900000
1558242000000,1558242900000,UTC+0900,2019-05-19 14:00:00,2019-05-19 14:15:00,126277,27,125604,673,25,2,0,119689,673,0,5915,0,0,22,2,0,3,0,900000,0,0,0,0,900000.0,0.0,0.0,0,900000
1558247400000,1558248300000,UTC+0900,2019-05-19 15:30:00,2019-05-19 15:45:00,742873,50,682368,60505,49,1,0,131330,0,553744,57767,32,0,32,0,6,11,1,900000,0,0,0,0,900000.0,0.0,0.0,0,900000
1558248300000,1558249200000,UTC+0900,2019-05-19 15:45:00,2019-05-19 16:00:00,862229,29,855384,6845,27,2,0,109006,0,724705,28518,0,0,20,0,2,7,0,788683,111317,0,0,0,723930.0,0.0,0.0,0,788683
1558249200000,1558250100000,UTC+0900,2019-05-19 16:00:00,2019-05-19 16:15:00,158964,31,158964,0,31,0,0,158964,0,0,0,0,0,31,0,0,0,0,0,900000,0,0,0,0.0,0.0,0.0,0,0
1558250100000,1558251000000,UTC+0900,2019-05-19 16:15:00,2019-05-19 16:30:00,59353,17,59353,0,17,0,0,59353,0,0,0,0,0,17,0,0,0,0,0,774346,0,0,125654,0.0,0.0,0.0,0,0
1558251000000,1558251900000,UTC+0900,2019-05-19 16:30:00,2019-05-19 16:45:00,122704,44,122704,0,44,0,0,89556,0,9845,23288,15,0,30,0,2,11,1,0,0,0,0,900000,0.0,0.0,726199.0,0,0
1558251900000,1558252800000,UTC+0900,2019-05-19 16:45:00,2019-05-19 17:00:00,8872,4,8872,0,4,0,0,8872,0,0,0,0,0,4,0,0,0,0,862967,0,0,0,37033,0.0,0.0,900000.0,0,862967
1558252800000,1558253700000,UTC+0900,2019-05-19 17:00:00,2019-05-19 17:15:00,0,0,0,0,0,0,0,0,0,0,0,0,0,0,0,0,0,0,900000,0,0,0,0,0.0,0.0,900000.0,0,900000
1558253700000,1558254600000,UTC+0900,2019-05-19 17:15:00,2019-05-19 17:30:00,59513,16,59513,0,16,0,0,59513,0,0,0,0,0,16,0,0,0,0,900000,0,0,0,0,0.0,0.0,900000.0,0,900000
1558254600000,1558255500000,UTC+0900,2019-05-19 17:30:00,2019-05-19 17:45:00,147384,34,147384,0,34,0,0,140030,0,0,7339,15,0,29,0,0,4,1,900000,0,0,0,0,0.0,0.0,900000.0,0,900000
1558255500000,1558256400000,UTC+0900,2019-05-19 17:45:00,2019-05-19 18:00:00,215391,15,215391,0,15,0,0,0,0,209633,5758,0,0,0,0,14,1,0,900000,0,0,0,0,0.0,0.0,675962.0,0,900000
1558256400000,1558257300000,UTC+0900,2019-05-19 18:00:00,2019-05-19 18:15:00,9063,2,9063,0,2,0,0,0,0,1673,7390,0,0,0,0,1,1,0,636694,263306,0,0,0,0.0,0.0,0.0,0,636694
1558257300000,1558258200000,UTC+0900,2019-05-19 18:15:00,2019-05-19 18:30:00,86173,19,81506,4667,17,2,0,78358,4667,0,3148,0,0,16,2,0,1,0,0,900000,0,0,0,0.0,0.0,0.0,0,0
1558258200000,1558259100000,UTC+0900,2019-05-19 18:30:00,2019-05-19 18:45:00,32208,10,32208,0,10,0,0,32075,0,0,0,133,0,9,0,0,0,1,0,900000,0,0,0,0.0,0.0,0.0,0,0
1558259100000,1558260000000,UTC+0900,2019-05-19 18:45:00,2019-05-19 19:00:00,510770,115,448609,62161,91,24,39992,432032,14579,7590,16577,0,20,82,3,1,9,0,239391,660609,0,0,0,0.0,25001.0,0.0,0,239391
1558260000000,1558260900000,UTC+0900,2019-05-19 19:00:00,2019-05-19 19:15:00,0,0,0,0,0,0,0,0,0,0,0,0,0,0,0,0,0,0,105703,794297,0,0,0,0.0,900000.0,0.0,0,105703
1558260900000,1558261800000,UTC+0900,2019-05-19 19:15:00,2019-05-19 19:30:00,0,0,0,0,0,0,0,0,0,0,0,0,0,0,0,0,0,0,900000,0,0,0,0,0.0,900000.0,0.0,0,900000
1558261800000,1558262700000,UTC+0900,2019-05-19 19:30:00,2019-05-19 19:45:00,85,3,85,0,3,0,0,55,0,0,0,30,0,2,0,0,0,1,900000,0,0,0,0,0.0,253314.0,646686.0,0,900000
1558262700000,1558263600000,UTC+0900,2019-05-19 19:45:00,2019-05-19 20:00:00,0,0,0,0,0,0,0,0,0,0,0,0,0,0,0,0,0,0,900000,0,0,0,0,0.0,0.0,900000.0,0,900000
1558263600000,1558264500000,UTC+0900,2019-05-19 20:00:00,2019-05-19 20:15:00,0,0,0,0,0,0,0,0,0,0,0,0,0,0,0,0,0,0,900000,0,0,0,0,0.0,0.0,900000.0,0,900000
1558264500000,1558265400000,UTC+0900,2019-05-19 20:15:00,2019-05-19 20:30:00,66231,10,66231,0,10,0,0,66231,0,0,0,0,0,10,0,0,0,0,900000,0,0,0,0,0.0,0.0,900000.0,0,900000
1558265400000,1558266300000,UTC+0900,2019-05-19 20:30:00,2019-05-19 20:45:00,62211,26,62211,0,26,0,0,52675,0,0,9513,23,0,22,0,0,3,1,900000,0,0,0,0,0.0,0.0,900000.0,0,900000
1558266300000,1558267200000,UTC+0900,2019-05-19 20:45:00,2019-05-19 21:00:00,108078,22,108078,0,22,0,0,104216,0,0,3862,0,0,19,0,0,3,0,900000,0,0,0,0,0.0,0.0,900000.0,0,900000
1558267200000,1558268100000,UTC+0900,2019-05-19 21:00:00,2019-05-19 21:15:00,46350,16,23263,23087,14,2,0,20814,0,0,25536,0,0,12,0,0,4,0,900000,0,0,0,0,0.0,0.0,900000.0,0,900000
1558268100000,1558269000000,UTC+0900,2019-05-19 21:15:00,2019-05-19 21:30:00,73969,26,72660,1309,25,1,0,68207,0,0,5762,0,0,23,0,0,3,0,900000,0,0,0,0,0.0,749377.0,150623.0,0,900000
1558269000000,1558269900000,UTC+0900,2019-05-19 21:30:00,2019-05-19 21:45:00,89,3,89,0,3,0,0,63,0,0,0,26,0,2,0,0,0,1,900000,0,0,0,0,0.0,900000.0,0.0,0,900000
1558269900000,1558270800000,UTC+0900,2019-05-19 21:45:00,2019-05-19 22:00:00,101234,4,101234,0,4,0,0,101234,0,0,0,0,0,4,0,0,0,0,900000,0,0,0,0,0.0,900000.0,0.0,0,900000
1558270800000,1558271700000,UTC+0900,2019-05-19 22:00:00,2019-05-19 22:15:00,8184,6,8184,0,6,0,0,8184,0,0,0,0,0,6,0,0,0,0,900000,0,0,0,0,0.0,900000.0,0.0,0,900000
1558271700000,1558272600000,UTC+0900,2019-05-19 22:15:00,2019-05-19 22:30:00,103528,24,78308,25220,17,7,0,16432,0,0,87096,0,0,10,0,0,14,0,900000,0,0,0,0,0.0,900000.0,0.0,0,900000
1558272600000,1558273500000,UTC+0900,2019-05-19 22:30:00,2019-05-19 22:45:00,240427,28,240427,0,28,0,0,239093,0,0,1251,83,0,26,0,0,1,1,900000,0,0,0,0,0.0,900000.0,0.0,0,900000
1558273500000,1558274400000,UTC+0900,2019-05-19 22:45:00,2019-05-19 23:00:00,38972,20,36586,2386,19,1,0,35252,0,0,3720,0,0,17,0,0,3,0,900000,0,0,0,0,0.0,900000.0,0.0,0,900000
1558274400000,1558275300000,UTC+0900,2019-05-19 23:00:00,2019-05-19 23:15:00,8130,6,8130,0,6,0,0,8130,0,0,0,0,0,6,0,0,0,0,900000,0,0,0,0,0.0,900000.0,0.0,0,900000
1558275300000,1558276200000,UTC+0900,2019-05-19 23:15:00,2019-05-19 23:30:00,15956,6,15956,0,6,0,0,15956,0,0,0,0,0,6,0,0,0,0,900000,0,0,0,0,0.0,900000.0,0.0,0,900000
1558276200000,1558277100000,UTC+0900,2019-05-19 23:30:00,2019-05-19 23:45:00,5535,8,5535,0,8,0,0,5491,0,0,0,44,0,7,0,0,0,1,900000,0,0,0,0,0.0,900000.0,0.0,0,900000
1558277100000,1558278000000,UTC+0900,2019-05-19 23:45:00,2019-05-20 00:00:00,0,0,0,0,0,0,0,0,0,0,0,0,0,0,0,0,0,0,900000,0,0,0,0,0.0,900000.0,0.0,0,900000
1558278000000,1558278900000,UTC+0900,2019-05-20 00:00:00,2019-05-20 00:15:00,25681,10,25681,0,10,0,0,25681,0,0,0,0,0,10,0,0,0,0,900000,0,0,0,0,0.0,900000.0,0.0,0,900000
1558278900000,1558279800000,UTC+0900,2019-05-20 00:15:00,2019-05-20 00:30:00,10232,5,10232,0,5,0,0,10232,0,0,0,0,0,5,0,0,0,0,674349,225651,0,0,0,0.0,772774.0,0.0,0,674349
1558279800000,1558280700000,UTC+0900,2019-05-20 00:30:00,2019-05-20 00:45:00,181678,38,177794,3884,35,3,0,50354,0,117553,13651,120,0,24,0,5,8,1,288017,611983,0,0,0,287809.0,0.0,0.0,0,288017
1558280700000,1558281600000,UTC+0900,2019-05-20 00:45:00,2019-05-20 01:00:00,126693,37,113403,13290,31,6,0,55422,6079,35638,29554,0,0,20,3,2,12,0,900000,0,0,0,0,900000.0,0.0,0.0,0,900000
1558281600000,1558282500000,UTC+0900,2019-05-20 01:00:00,2019-05-20 01:15:00,287472,23,283192,4280,16,7,0,14127,2056,256281,15008,0,0,7,4,4,8,0,900000,0,0,0,0,900000.0,0.0,0.0,0,900000
1558282500000,1558283400000,UTC+0900,2019-05-20 01:15:00,2019-05-20 01:30:00,715464,45,715464,0,45,0,0,708735,0,4683,2046,0,0,41,0,2,2,0,900000,0,0,0,0,900000.0,0.0,0.0,0,900000
1558283400000,1558284300000,UTC+0900,2019-05-20 01:30:00,2019-05-20 01:45:00,880842,61,880842,0,61,0,0,450830,0,421244,8693,75,0,44,0,7,9,1,900000,0,0,0,0,900000.0,0.0,0.0,0,900000
1558284300000,1558285200000,UTC+0900,2019-05-20 01:45:00,2019-05-20 02:00:00,781315,106,675063,106252,92,14,0,440140,101791,218973,20411,0,0,73,13,5,15,0,900000,0,0,0,0,900000.0,0.0,0.0,0,900000
1558285200000,1558286100000,UTC+0900,2019-05-20 02:00:00,2019-05-20 02:15:00,783355,95,743011,40344,83,12,40344,638466,0,87213,17332,0,12,68,0,3,12,0,900000,0,0,0,0,900000.0,0.0,0.0,0,900000
1558286100000,1558287000000,UTC+0900,2019-05-20 02:15:00,2019-05-20 02:30:00,896967,59,871627,25340,52,7,0,149569,0,704329,43069,0,0,29,0,11,19,0,900000,0,0,0,0,900000.0,0.0,0.0,0,900000
1558287000000,1558287900000,UTC+0900,2019-05-20 02:30:00,2019-05-20 02:45:00,896839,68,895465,1374,67,1,0,118950,0,764361,13426,102,0,33,0,23,11,1,900000,0,0,0,0,900000.0,0.0,0.0,0,900000
1558293300000,1558294200000,UTC+0900,2019-05-20 04:15:00,2019-05-20 04:30:00,0,0,0,0,0,0,0,0,0,0,0,0,0,0,0,0,0,0,900000,0,0,0,0,900000.0,0.0,0.0,0,900000
1558301400000,1558302300000,UTC+0900,2019-05-20 06:30:00,2019-05-20 06:45:00,5234,3,20,5214,1,2,0,20,0,0,5214,0,0,1,0,0,2,0,900000,0,0,0,0,900000.0,0.0,0.0,0,900000
1558310400000,1558311300000,UTC+0900,2019-05-20 09:00:00,2019-05-20 09:15:00,852966,90,769717,83249,65,25,49341,371748,26124,366355,39398,0,17,43,5,7,18,0,643748,256252,0,0,0,643925.0,0.0,0.0,0,643748
1558311300000,1558312200000,UTC+0900,2019-05-20 09:15:00,2019-05-20 09:30:00,880803,96,754658,126145,84,12,114371,718720,0,26725,20987,0,8,71,0,5,12,0,0,823149,0,76851,0,0.0,0.0,0.0,0,76851
1558312200000,1558313100000,UTC+0900,2019-05-20 09:30:00,2019-05-20 09:45:00,522390,102,353032,169358,97,5,0,242028,0,245455,34758,149,0,65,0,23,13,1,359125,540875,0,0,0,511001.0,0.0,0.0,0,359125
1558313100000,1558314000000,UTC+0900,2019-05-20 09:45:00,2019-05-20 10:00:00,746509,41,721716,24793,37,4,0,711252,24722,71,10464,0,0,35,3,1,2,0,900000,0,0,0,0,900000.0,0.0,0.0,0,900000
1558314000000,1558314900000,UTC+0900,2019-05-20 10:00:00,2019-05-20 10:15:00,808995,57,747544,61451,50,7,0,727388,0,2432,79175,0,0,41,0,2,14,0,719053,180947,0,0,0,742368.0,0.0,0.0,0,719053
1558314900000,1558315800000,UTC+0900,2019-05-20 10:15:00,2019-05-20 10:30:00,595747,113,595747,0,113,0,0,589433,0,0,6314,0,0,108,0,0,5,0,0,441829,0,458171,0,0.0,0.0,184081.0,0,458171
1558315800000,1558316700000,UTC+0900,2019-05-20 10:30:00,2019-05-20 10:45:00,574686,92,401552,173134,67,25,0,376134,0,171740,26773,39,0,57,0,22,11,2,747523,152477,0,0,0,0.0,0.0,772303.0,0,747523
1558316700000,1558317600000,UTC+0900,2019-05-20 10:45:00,2019-05-20 11:00:00,172717,28,172717,0,28,0,0,172717,0,0,0,0,0,28,0,0,0,0,0,900000,0,0,0,0.0,0.0,0.0,0,0
1558317600000,1558318500000,UTC+0900,2019-05-20 11:00:00,2019-05-20 11:15:00,6669,5,6669,0,5,0,0,6669,0,0,0,0,0,5,0,0,0,0,0,900000,0,0,0,0.0,0.0,0.0,0,0
1558318500000,1558319400000,UTC+0900,2019-05-20 11:15:00,2019-05-20 11:30:00,15097,5,15097,0,5,0,0,15097,0,0,0,0,0,5,0,0,0,0,274663,625337,0,0,0,0.0,0.0,718637.0,0,274663
1558319400000,1558320300000,UTC+0900,2019-05-20 11:30:00,2019-05-20 11:45:00,62639,16,26534,36105,14,2,0,62601,0,0,0,38,0,15,0,0,0,1,900000,0,0,0,0,0.0,0.0,900000.0,0,900000
1558320300000,1558321200000,UTC+0900,2019-05-20 11:45:00,2019-05-20 12:00:00,375001,47,323514,51487,36,11,0,98646,49447,222946,3962,0,0,21,10,12,4,0,900000,0,0,0,0,0.0,0.0,900000.0,0,900000
1558321200000,1558322100000,UTC+0900,2019-05-20 12:00:00,2019-05-20 12:15:00,195566,36,123801,71765,32,4,0,74576,0,32667,88323,0,0,22,0,3,11,0,368988,531012,0,0,0,0.0,0.0,900000.0,0,368988
1558322100000,1558323000000,UTC+0900,2019-05-20 12:15:00,2019-05-20 12:30:00,275303,33,275303,0,33,0,0,268750,0,0,6553,0,0,29,0,0,4,0,747517,152483,0,0,0,0.0,0.0,689381.0,0,747517
1558323000000,1558323900000,UTC+0900,2019-05-20 12:30:00,2019-05-20 12:45:00,47124,10,5139,41985,8,2,0,47086,0,0,0,38,0,8,0,0,0,2,0,900000,0,0,0,0.0,0.0,0.0,0,0
1558323900000,1558324800000,UTC+0900,2019-05-20 12:45:00,2019-05-20 13:00:00,0,0,0,0,0,0,0,0,0,0,0,0,0,0,0,0,0,0,0,900000,0,0,0,0.0,0.0,0.0,0,0
1558324800000,1558325700000,UTC+0900,2019-05-20 13:00:00,2019-05-20 13:15:00,0,0,0,0,0,0,0,0,0,0,0,0,0,0,0,0,0,0,0,522490,0,377510,0,0.0,0.0,0.0,0,377510
1558325700000,1558326600000,UTC+0900,2019-05-20 13:15:00,2019-05-20 13:30:00,0,0,0,0,0,0,0,0,0,0,0,0,0,0,0,0,0,0,0,900000,0,0,0,0.0,816001.0,0.0,0,0
1558326600000,1558327500000,UTC+0900,2019-05-20 13:30:00,2019-05-20 13:45:00,0,0,0,0,0,0,0,0,0,0,0,0,0,0,0,0,0,0,327294,572706,0,0,0,0.0,900000.0,0.0,0,327294
1558327500000,1558328400000,UTC+0900,2019-05-20 13:45:00,2019-05-20 14:00:00,0,0,0,0,0,0,0,0,0,0,0,0,0,0,0,0,0,0,900000,0,0,0,0,0.0,900000.0,0.0,0,900000
1558328400000,1558329300000,UTC+0900,2019-05-20 14:00:00,2019-05-20 14:15:00,0,0,0,0,0,0,0,0,0,0,0,0,0,0,0,0,0,0,680529,219471,0,0,0,0.0,725999.0,0.0,0,680529
1558329300000,1558330200000,UTC+0900,2019-05-20 14:15:00,2019-05-20 14:30:00,132845,40,122114,10731,36,4,0,70313,4144,38979,19409,0,0,18,1,11,10,0,232189,247597,0,420214,0,0.0,0.0,194064.0,0,652403
1558330200000,1558331100000,UTC+0900,2019-05-20 14:30:00,2019-05-20 14:45:00,889477,194,795668,93809,186,8,55162,335168,0,211379,287676,92,4,102,0,48,39,1,900000,0,0,0,0,0.0,0.0,900000.0,0,900000
1558331100000,1558332000000,UTC+0900,2019-05-20 14:45:00,2019-05-20 15:00:00,747848,102,688811,59037,98,4,0,676548,0,59037,12263,0,0,90,0,4,8,0,271562,628438,0,0,0,0.0,0.0,296694.0,0,271562
1558332000000,1558332900000,UTC+0900,2019-05-20 15:00:00,2019-05-20 15:15:00,224366,17,209429,14937,14,3,0,203083,0,14937,6346,0,0,12,0,3,2,0,471321,428679,0,0,0,0.0,732458.0,0.0,0,471321
1558332900000,1558333800000,UTC+0900,2019-05-20 15:15:00,2019-05-20 15:30:00,16923,7,16923,0,7,0,0,16144,0,0,779,0,0,6,0,0,1,0,900000,0,0,0,0,0.0,900000.0,0.0,0,900000
1558333800000,1558334700000,UTC+0900,2019-05-20 15:30:00,2019-05-20 15:45:00,6043,5,6043,0,5,0,0,5995,0,0,0,48,0,4,0,0,0,1,900000,0,0,0,0,0.0,900000.0,0.0,0,900000
1558334700000,1558335600000,UTC+0900,2019-05-20 15:45:00,2019-05-20 16:00:00,7438,4,7438,0,4,0,0,6647,0,0,791,0,0,3,0,0,1,0,900000,0,0,0,0,0.0,900000.0,0.0,0,900000
1558335600000,1558336500000,UTC+0900,2019-05-20 16:00:00,2019-05-20 16:15:00,5175,2,5175,0,2,0,0,5175,0,0,0,0,0,2,0,0,0,0,900000,0,0,0,0,0.0,900000.0,0.0,0,900000
1558336500000,1558337400000,UTC+0900,2019-05-20 16:15:00,2019-05-20 16:30:00,0,0,0,0,0,0,0,0,0,0,0,0,0,0,0,0,0,0,900000,0,0,0,0,0.0,900000.0,0.0,0,900000
1558337400000,1558338300000,UTC+0900,2019-05-20 16:30:00,2019-05-20 16:45:00,2294,3,2294,0,3,0,0,2257,0,0,0,37,0,2,0,0,0,1,900000,0,0,0,0,0.0,900000.0,0.0,0,900000
1558338300000,1558339200000,UTC+0900,2019-05-20 16:45:00,2019-05-20 17:00:00,3427,1,3427,0,1,0,0,3427,0,0,0,0,0,1,0,0,0,0,900000,0,0,0,0,0.0,900000.0,0.0,0,900000
1558339200000,1558340100000,UTC+0900,2019-05-20 17:00:00,2019-05-20 17:15:00,110193,26,110193,0,26,0,0,109192,0,0,1001,0,0,25,0,0,1,0,900000,0,0,0,0,0.0,900000.0,0.0,0,900000
1558340100000,1558341000000,UTC+0900,2019-05-20 17:15:00,2019-05-20 17:30:00,0,0,0,0,0,0,0,0,0,0,0,0,0,0,0,0,0,0,900000,0,0,0,0,0.0,900000.0,0.0,0,900000
1558341000000,1558341900000,UTC+0900,2019-05-20 17:30:00,2019-05-20 17:45:00,84,3,84,0,3,0,0,51,0,0,0,33,0,2,0,0,0,1,900000,0,0,0,0,0.0,900000.0,0.0,0,900000
1558341900000,1558342800000,UTC+0900,2019-05-20 17:45:00,2019-05-20 18:00:00,29403,4,29403,0,4,0,0,29403,0,0,0,0,0,4,0,0,0,0,900000,0,0,0,0,0.0,900000.0,0.0,0,900000
1558342800000,1558343700000,UTC+0900,2019-05-20 18:00:00,2019-05-20 18:15:00,15121,10,15121,0,10,0,0,15121,0,0,0,0,0,10,0,0,0,0,900000,0,0,0,0,0.0,900000.0,0.0,0,900000
1558343700000,1558344600000,UTC+0900,2019-05-20 18:15:00,2019-05-20 18:30:00,116465,25,95368,21097,20,5,0,90417,0,0,26048,0,0,17,0,0,8,0,900000,0,0,0,0,0.0,900000.0,0.0,0,900000
1558344600000,1558345500000,UTC+0900,2019-05-20 18:30:00,2019-05-20 18:45:00,151087,18,151087,0,18,0,0,148023,0,0,3022,42,0,16,0,0,1,1,900000,0,0,0,0,0.0,900000.0,0.0,0,900000
1558345500000,1558346400000,UTC+0900,2019-05-20 18:45:00,2019-05-20 19:00:00,15868,7,15868,0,7,0,0,15868,0,0,0,0,0,7,0,0,0,0,900000,0,0,0,0,0.0,900000.0,0.0,0,900000
1558346400000,1558347300000,UTC+0900,2019-05-20 19:00:00,2019-05-20 19:15:00,31466,9,31466,0,9,0,0,31466,0,0,0,0,0,9,0,0,0,0,900000,0,0,0,0,0.0,900000.0,0.0,0,900000
1558347300000,1558348200000,UTC+0900,2019-05-20 19:15:00,2019-05-20 19:30:00,54562,26,54562,0,26,0,0,51710,0,0,2852,0,0,24,0,0,2,0,900000,0,0,0,0,0.0,900000.0,0.0,0,900000
1558348200000,1558349100000,UTC+0900,2019-05-20 19:30:00,2019-05-20 19:45:00,111,4,111,0,4,0,0,65,0,0,0,46,0,2,0,0,0,2,900000,0,0,0,0,0.0,900000.0,0.0,0,900000
1558349100000,1558350000000,UTC+0900,2019-05-20 19:45:00,2019-05-20 20:00:00,15223,10,11256,3967,8,2,0,8369,0,3967,2887,0,0,6,0,2,2,0,900000,0,0,0,0,0.0,900000.0,0.0,0,900000
1558350000000,1558350900000,UTC+0900,2019-05-20 20:00:00,2019-05-20 20:15:00,0,0,0,0,0,0,0,0,0,0,0,0,0,0,0,0,0,0,900000,0,0,0,0,0.0,900000.0,0.0,0,900000
1558350900000,1558351800000,UTC+0900,2019-05-20 20:15:00,2019-05-20 20:30:00,0,0,0,0,0,0,0,0,0,0,0,0,0,0,0,0,0,0,900000,0,0,0,0,0.0,900000.0,0.0,0,900000
1558351800000,1558352700000,UTC+0900,2019-05-20 20:30:00,2019-05-20 20:45:00,134913,10,134913,0,10,0,0,128512,0,0,6388,13,0,8,0,0,1,1,194852,705148,0,0,0,15463.0,40760.0,0.0,0,194852
1558352700000,1558353600000,UTC+0900,2019-05-20 20:45:00,2019-05-20 21:00:00,0,0,0,0,0,0,0,0,0,0,0,0,0,0,0,0,0,0,900000,0,0,0,0,900000.0,0.0,0.0,0,900000
1558353600000,1558354500000,UTC+0900,2019-05-20 21:00:00,2019-05-20 21:15:00,0,0,0,0,0,0,0,0,0,0,0,0,0,0,0,0,0,0,900000,0,0,0,0,900000.0,0.0,0.0,0,900000
1558354500000,1558355400000,UTC+0900,2019-05-20 21:15:00,2019-05-20 21:30:00,91097,34,91097,0,34,0,0,88017,0,0,3080,0,0,32,0,0,2,0,900000,0,0,0,0,900000.0,0.0,0.0,0,900000
1558355400000,1558356300000,UTC+0900,2019-05-20 21:30:00,2019-05-20 21:45:00,136,4,119,17,3,1,0,63,0,17,0,56,0,2,0,1,0,1,900000,0,0,0,0,900000.0,0.0,0.0,0,900000
1558356300000,1558357200000,UTC+0900,2019-05-20 21:45:00,2019-05-20 22:00:00,76,4,0,76,0,4,0,0,0,66,10,0,0,0,0,2,2,0,900000,0,0,0,0,900000.0,0.0,0.0,0,900000
1558357200000,1558358100000,UTC+0900,2019-05-20 22:00:00,2019-05-20 22:15:00,0,0,0,0,0,0,0,0,0,0,0,0,0,0,0,0,0,0,900000,0,0,0,0,900000.0,0.0,0.0,0,900000
1558358100000,1558359000000,UTC+0900,2019-05-20 22:15:00,2019-05-20 22:30:00,102173,40,89691,12482,31,9,10362,32489,0,0,39667,19655,5,14,0,0,15,6,900000,0,0,0,0,900000.0,0.0,0.0,0,900000
1558359000000,1558359900000,UTC+0900,2019-05-20 22:30:00,2019-05-20 22:45:00,165487,45,132785,32702,41,4,21116,100175,0,11586,8049,24561,3,26,0,1,7,8,900000,0,0,0,0,900000.0,0.0,0.0,0,900000
1558359900000,1558360800000,UTC+0900,2019-05-20 22:45:00,2019-05-20 23:00:00,81598,29,81585,13,28,1,0,14869,13,60791,5925,0,0,16,1,7,5,0,900000,0,0,0,0,900000.0,0.0,0.0,0,900000
1558360800000,1558361700000,UTC+0900,2019-05-20 23:00:00,2019-05-20 23:15:00,0,0,0,0,0,0,0,0,0,0,0,0,0,0,0,0,0,0,900000,0,0,0,0,900000.0,0.0,0.0,0,900000
1558361700000,1558362600000,UTC+0900,2019-05-20 23:15:00,2019-05-20 23:30:00,57,3,57,0,3,0,0,0,0,0,26,31,0,0,0,0,1,2,900000,0,0,0,0,900000.0,0.0,0.0,0,900000
1558362600000,1558363500000,UTC+0900,2019-05-20 23:30:00,2019-05-20 23:45:00,0,0,0,0,0,0,0,0,0,0,0,0,0,0,0,0,0,0,900000,0,0,0,0,900000.0,0.0,0.0,0,900000
1558363500000,1558364400000,UTC+0900,2019-05-20 23:45:00,2019-05-21 00:00:00,0,0,0,0,0,0,0,0,0,0,0,0,0,0,0,0,0,0,900000,0,0,0,0,900000.0,0.0,0.0,0,900000
1558364400000,1558365300000,UTC+0900,2019-05-21 00:00:00,2019-05-21 00:15:00,0,0,0,0,0,0,0,0,0,0,0,0,0,0,0,0,0,0,900000,0,0,0,0,900000.0,0.0,0.0,0,900000
1558365300000,1558366200000,UTC+0900,2019-05-21 00:15:00,2019-05-21 00:30:00,80,2,80,0,2,0,0,0,0,0,66,14,0,0,0,0,1,1,900000,0,0,0,0,900000.0,0.0,0.0,0,900000
1558366200000,1558367100000,UTC+0900,2019-05-21 00:30:00,2019-05-21 00:45:00,0,0,0,0,0,0,0,0,0,0,0,0,0,0,0,0,0,0,900000,0,0,0,0,900000.0,0.0,0.0,0,900000
1558367100000,1558368000000,UTC+0900,2019-05-21 00:45:00,2019-05-21 01:00:00,0,0,0,0,0,0,0,0,0,0,0,0,0,0,0,0,0,0,900000,0,0,0,0,900000.0,0.0,0.0,0,900000
1558381500000,1558382400000,UTC+0900,2019-05-21 04:45:00,2019-05-21 05:00:00,0,0,0,0,0,0,0,0,0,0,0,0,0,0,0,0,0,0,900000,0,0,0,0,900000.0,0.0,0.0,0,900000
1558389600000,1558390500000,UTC+0900,2019-05-21 07:00:00,2019-05-21 07:15:00,0,0,0,0,0,0,0,0,0,0,0,0,0,0,0,0,0,0,900000,0,0,0,0,900000.0,0.0,0.0,0,900000
1558390500000,1558391400000,UTC+0900,2019-05-21 07:15:00,2019-05-21 07:30:00,49,2,49,0,2,0,0,35,0,0,0,14,0,1,0,0,0,1,900000,0,0,0,0,900000.0,0.0,0.0,0,900000
1558391400000,1558392300000,UTC+0900,2019-05-21 07:30:00,2019-05-21 07:45:00,0,0,0,0,0,0,0,0,0,0,0,0,0,0,0,0,0,0,900000,0,0,0,0,900000.0,0.0,0.0,0,900000
1558392300000,1558393200000,UTC+0900,2019-05-21 07:45:00,2019-05-21 08:00:00,0,0,0,0,0,0,0,0,0,0,0,0,0,0,0,0,0,0,900000,0,0,0,0,900000.0,0.0,0.0,0,900000
1558393200000,1558394100000,UTC+0900,2019-05-21 08:00:00,2019-05-21 08:15:00,0,0,0,0,0,0,0,0,0,0,0,0,0,0,0,0,0,0,900000,0,0,0,0,900000.0,0.0,0.0,0,900000
1558394100000,1558395000000,UTC+0900,2019-05-21 08:15:00,2019-05-21 08:30:00,45,2,45,0,2,0,0,31,0,0,0,14,0,1,0,0,0,1,900000,0,0,0,0,900000.0,0.0,0.0,0,900000
1558395000000,1558395900000,UTC+0900,2019-05-21 08:30:00,2019-05-21 08:45:00,0,0,0,0,0,0,0,0,0,0,0,0,0,0,0,0,0,0,900000,0,0,0,0,900000.0,0.0,0.0,0,900000
1558395900000,1558396800000,UTC+0900,2019-05-21 08:45:00,2019-05-21 09:00:00,0,0,0,0,0,0,0,0,0,0,0,0,0,0,0,0,0,0,900000,0,0,0,0,900000.0,0.0,0.0,0,900000
1558396800000,1558397700000,UTC+0900,2019-05-21 09:00:00,2019-05-21 09:15:00,65455,9,43,65412,3,6,0,43,0,0,65412,0,0,3,0,0,6,0,900000,0,0,0,0,900000.0,0.0,0.0,0,900000
1558404900000,1558405800000,UTC+0900,2019-05-21 11:15:00,2019-05-21 11:30:00,757882,92,726936,30946,86,6,10904,434592,18487,264695,29122,82,1,61,3,13,13,1,900000,0,0,0,0,900000.0,0.0,0.0,0,900000
1558405800000,1558406700000,UTC+0900,2019-05-21 11:30:00,2019-05-21 11:45:00,900000,1,900000,0,1,0,0,0,0,900000,0,0,0,0,0,1,0,0,900000,0,0,0,0,900000.0,0.0,0.0,0,900000
1558406700000,1558407600000,UTC+0900,2019-05-21 11:45:00,2019-05-21 12:00:00,230811,15,230811,0,15,0,0,63326,0,165055,2430,0,0,13,0,1,1,0,900000,0,0,0,0,900000.0,0.0,0.0,0,900000
1558407600000,1558408500000,UTC+0900,2019-05-21 12:00:00,2019-05-21 12:15:00,830336,35,791305,39031,32,3,0,204353,39031,582985,3967,0,0,26,3,2,4,0,900000,0,0,0,0,900000.0,0.0,0.0,0,900000
1558408500000,1558409400000,UTC+0900,2019-05-21 12:15:00,2019-05-21 12:30:00,899275,16,870461,28814,13,3,0,17750,0,849029,32376,120,0,5,0,3,7,1,900000,0,0,0,0,900000.0,0.0,0.0,0,900000
1558409400000,1558410300000,UTC+0900,2019-05-21 12:30:00,2019-05-21 12:45:00,877723,10,877723,0,10,0,0,25043,0,851333,1347,0,0,7,0,1,2,0,900000,0,0,0,0,900000.0,0.0,0.0,0,900000
1558410300000,1558411200000,UTC+0900,2019-05-21 12:45:00,2019-05-21 13:00:00,610325,19,610325,0,19,0,0,22645,0,582152,5528,0,0,11,0,3,5,0,734644,165356,0,0,0,820230.0,0.0,0.0,0,734644
1558411200000,1558412100000,UTC+0900,2019-05-21 13:00:00,2019-05-21 13:15:00,526766,2,526766,0,2,0,0,0,0,526766,0,0,0,0,0,2,0,0,0,900000,0,0,0,0.0,0.0,425001.0,0,0
1558412100000,1558413000000,UTC+0900,2019-05-21 13:15:00,2019-05-21 13:30:00,58,2,58,0,2,0,0,0,0,38,0,20,0,0,0,1,0,1,511535,388465,0,0,0,0.0,0.0,900000.0,0,511535
1558413000000,1558413900000,UTC+0900,2019-05-21 13:30:00,2019-05-21 13:45:00,0,0,0,0,0,0,0,0,0,0,0,0,0,0,0,0,0,0,900000,0,0,0,0,0.0,0.0,900000.0,0,900000
1558413900000,1558414800000,UTC+0900,2019-05-21 13:45:00,2019-05-21 14:00:00,158831,22,158831,0,22,0,0,156848,0,1146,837,0,0,20,0,1,1,0,900000,0,0,0,0,0.0,0.0,900000.0,0,900000
1558414800000,1558415700000,UTC+0900,2019-05-21 14:00:00,2019-05-21 14:15:00,293568,40,293568,0,40,0,0,290140,0,0,3428,0,0,39,0,0,1,0,900000,0,0,0,0,0.0,0.0,900000.0,0,900000
1558415700000,1558416600000,UTC+0900,2019-05-21 14:15:00,2019-05-21 14:30:00,54,3,54,0,3,0,0,34,0,0,0,20,0,2,0,0,0,1,900000,0,0,0,0,0.0,0.0,900000.0,0,900000
1558416600000,1558417500000,UTC+0900,2019-05-21 14:30:00,2019-05-21 14:45:00,81821,14,81821,0,14,0,0,81821,0,0,0,0,0,14,0,0,0,0,841571,58429,0,0,0,0.0,0.0,846282.0,0,841571
1558417500000,1558418400000,UTC+0900,2019-05-21 14:45:00,2019-05-21 15:00:00,284321,32,214366,69955,25,7,0,224448,48604,0,11269,0,0,23,3,0,6,0,560845,339155,0,0,0,0.0,376505.0,0.0,0,560845
1558418400000,1558419300000,UTC+0900,2019-05-21 15:00:00,2019-05-21 15:15:00,91287,26,78874,12413,23,3,0,86448,0,0,4839,0,0,23,0,0,3,0,552739,0,0,347261,0,0.0,887000.0,0.0,0,900000
1558419300000,1558420200000,UTC+0900,2019-05-21 15:15:00,2019-05-21 15:30:00,47154,21,31133,16021,19,2,16021,24990,0,0,6127,16,2,14,0,0,4,1,346830,0,0,553170,0,0.0,900000.0,0.0,0,900000
1558420200000,1558421100000,UTC+0900,2019-05-21 15:30:00,2019-05-21 15:45:00,90746,9,19147,71599,5,4,0,82079,0,0,8667,0,0,7,0,0,2,0,900000,0,0,0,0,0.0,900000.0,0.0,0,900000
1558421100000,1558422000000,UTC+0900,2019-05-21 15:45:00,2019-05-21 16:00:00,334388,63,223391,110997,53,10,14589,285883,0,0,33916,0,1,48,0,0,14,0,690480,209520,0,0,0,0.0,745999.0,0.0,0,690480
1558422000000,1558422900000,UTC+0900,2019-05-21 16:00:00,2019-05-21 16:15:00,464374,66,453483,10891,62,4,475,447398,0,0,16501,0,1,56,0,0,9,0,0,900000,0,0,0,0.0,0.0,0.0,0,0
1558422900000,1558423800000,UTC+0900,2019-05-21 16:15:00,2019-05-21 16:30:00,704467,96,691558,12909,94,2,0,682932,3085,0,18427,23,0,87,1,0,7,1,520939,276651,0,102410,0,0.0,0.0,0.0,0,623349
1558423800000,1558424700000,UTC+0900,2019-05-21 16:30:00,2019-05-21 16:45:00,420021,58,297631,122390,31,27,0,266577,75851,0,77593,0,0,23,18,0,17,0,900000,0,0,0,0,0.0,0.0,838982.0,0,900000
1558424700000,1558425600000,UTC+0900,2019-05-21 16:45:00,2019-05-21 17:00:00,411045,33,401324,9721,26,7,9721,399560,0,0,1764,0,7,24,0,0,2,0,900000,0,0,0,0,0.0,0.0,900000.0,0,900000
1558425600000,1558426500000,UTC+0900,2019-05-21 17:00:00,2019-05-21 17:15:00,45471,16,45471,0,16,0,0,42931,0,0,2540,0,0,15,0,0,1,0,900000,0,0,0,0,0.0,0.0,894000.0,0,900000
1558426500000,1558427400000,UTC+0900,2019-05-21 17:15:00,2019-05-21 17:30:00,23000,12,23000,0,12,0,0,22982,0,0,0,18,0,11,0,0,0,1,203367,696633,0,0,0,0.0,0.0,0.0,0,203367
1558427400000,1558428300000,UTC+0900,2019-05-21 17:30:00,2019-05-21 17:45:00,451910,44,451910,0,44,0,0,449795,0,0,2115,0,0,42,0,0,2,0,244157,655843,0,0,0,0.0,0.0,573000.0,0,244157
1558428300000,1558429200000,UTC+0900,2019-05-21 17:45:00,2019-05-21 18:00:00,367707,39,224102,143605,34,5,0,156027,0,78043,133637,0,0,18,0,7,14,0,900000,0,0,0,0,0.0,0.0,900000.0,0,900000
1558429200000,1558430100000,UTC+0900,2019-05-21 18:00:00,2019-05-21 18:15:00,121531,38,108078,13453,27,11,8911,100225,0,207,12188,0,8,22,0,1,7,0,900000,0,0,0,0,0.0,0.0,892159.0,0,900000
1558430100000,1558431000000,UTC+0900,2019-05-21 18:15:00,2019-05-21 18:30:00,10724,10,10724,0,10,0,0,7772,0,0,2937,15,0,6,0,0,3,1,900000,0,0,0,0,0.0,0.0,853643.0,0,900000
1558431000000,1558431900000,UTC+0900,2019-05-21 18:30:00,2019-05-21 18:45:00,0,0,0,0,0,0,0,0,0,0,0,0,0,0,0,0,0,0,900000,0,0,0,0,0.0,0.0,900000.0,0,900000
1558431900000,1558432800000,UTC+0900,2019-05-21 18:45:00,2019-05-21 19:00:00,96602,36,96602,0,36,0,0,78120,0,14538,3944,0,0,30,0,3,3,0,900000,0,0,0,0,0.0,0.0,900000.0,0,900000
1558432800000,1558433700000,UTC+0900,2019-05-21 19:00:00,2019-05-21 19:15:00,0,0,0,0,0,0,0,0,0,0,0,0,0,0,0,0,0,0,900000,0,0,0,0,0.0,0.0,900000.0,0,900000
1558433700000,1558434600000,UTC+0900,2019-05-21 19:15:00,2019-05-21 19:30:00,8520,11,8520,0,11,0,0,6125,0,729,1636,30,0,7,0,1,1,2,900000,0,0,0,0,0.0,0.0,900000.0,0,900000
1558434600000,1558435500000,UTC+0900,2019-05-21 19:30:00,2019-05-21 19:45:00,71839,21,71839,0,21,0,0,32441,0,36096,3302,0,0,16,0,3,2,0,900000,0,0,0,0,0.0,0.0,900000.0,0,900000
1558435500000,1558436400000,UTC+0900,2019-05-21 19:45:00,2019-05-21 20:00:00,0,0,0,0,0,0,0,0,0,0,0,0,0,0,0,0,0,0,900000,0,0,0,0,0.0,0.0,900000.0,0,900000
1558436400000,1558437300000,UTC+0900,2019-05-21 20:00:00,2019-05-21 20:15:00,0,0,0,0,0,0,0,0,0,0,0,0,0,0,0,0,0,0,900000,0,0,0,0,0.0,0.0,900000.0,0,900000
1558437300000,1558438200000,UTC+0900,2019-05-21 20:15:00,2019-05-21 20:30:00,11963,11,11963,0,11,0,0,9409,0,1430,1087,37,0,7,0,1,1,2,900000,0,0,0,0,0.0,0.0,900000.0,0,900000
1558438200000,1558439100000,UTC+0900,2019-05-21 20:30:00,2019-05-21 20:45:00,4250,2,4250,0,2,0,0,4250,0,0,0,0,0,2,0,0,0,0,900000,0,0,0,0,0.0,0.0,900000.0,0,900000
1558439100000,1558440000000,UTC+0900,2019-05-21 20:45:00,2019-05-21 21:00:00,6482,6,6482,0,6,0,0,6482,0,0,0,0,0,6,0,0,0,0,900000,0,0,0,0,0.0,0.0,900000.0,0,900000
1558440000000,1558440900000,UTC+0900,2019-05-21 21:00:00,2019-05-21 21:15:00,3978,3,3978,0,3,0,0,3978,0,0,0,0,0,3,0,0,0,0,900000,0,0,0,0,0.0,0.0,900000.0,0,900000
1558440900000,1558441800000,UTC+0900,2019-05-21 21:15:00,2019-05-21 21:30:00,6494,7,6494,0,7,0,0,6466,0,0,0,28,0,6,0,0,0,1,900000,0,0,0,0,0.0,0.0,900000.0,0,900000
1558441800000,1558442700000,UTC+0900,2019-05-21 21:30:00,2019-05-21 21:45:00,3257,3,3257,0,3,0,0,3257,0,0,0,0,0,3,0,0,0,0,900000,0,0,0,0,0.0,0.0,900000.0,0,900000
1558442700000,1558443600000,UTC+0900,2019-05-21 21:45:00,2019-05-21 22:00:00,50976,12,50976,0,12,0,0,8763,0,41026,1187,0,0,7,0,4,1,0,900000,0,0,0,0,0.0,0.0,900000.0,0,900000
1558443600000,1558444500000,UTC+0900,2019-05-21 22:00:00,2019-05-21 22:15:00,47364,7,47364,0,7,0,0,0,0,47364,0,0,0,0,0,7,0,0,900000,0,0,0,0,0.0,0.0,900000.0,0,900000
1558444500000,1558445400000,UTC+0900,2019-05-21 22:15:00,2019-05-21 22:30:00,63,2,63,0,2,0,0,0,0,40,0,23,0,0,0,1,0,1,900000,0,0,0,0,0.0,0.0,900000.0,0,900000
1558445400000,1558446300000,UTC+0900,2019-05-21 22:30:00,2019-05-21 22:45:00,17738,14,17738,0,14,0,0,10203,0,2284,5251,0,0,9,0,1,4,0,900000,0,0,0,0,0.0,0.0,597822.0,0,900000
1558446300000,1558447200000,UTC+0900,2019-05-21 22:45:00,2019-05-21 23:00:00,18073,11,18073,0,11,0,0,13209,0,0,4864,0,0,9,0,0,2,0,823530,76470,0,0,0,0.0,0.0,828956.0,0,823530
1558447200000,1558448100000,UTC+0900,2019-05-21 23:00:00,2019-05-21 23:15:00,0,0,0,0,0,0,0,0,0,0,0,0,0,0,0,0,0,0,0,900000,0,0,0,0.0,0.0,0.0,0,0
1558448100000,1558449000000,UTC+0900,2019-05-21 23:15:00,2019-05-21 23:30:00,0,0,0,0,0,0,0,0,0,0,0,0,0,0,0,0,0,0,0,900000,0,0,0,0.0,0.0,0.0,0,0
1558449000000,1558449900000,UTC+0900,2019-05-21 23:30:00,2019-05-21 23:45:00,599415,75,447214,152201,72,3,0,182769,0,321459,95187,0,0,52,0,13,10,0,573669,326331,0,0,0,0.0,0.0,573599.0,0,573669
1558449900000,1558450800000,UTC+0900,2019-05-21 23:45:00,2019-05-22 00:00:00,721159,107,592964,128195,101,6,0,311991,0,378606,30562,0,0,60,0,27,20,0,900000,0,0,0,0,0.0,0.0,900000.0,0,900000
1558450800000,1558451700000,UTC+0900,2019-05-22 00:00:00,2019-05-22 00:15:00,410030,66,377459,32571,54,12,23274,341684,9297,21820,13955,0,10,45,2,2,7,0,515633,384367,0,0,0,135256.0,0.0,242333.0,0,515633
1558451700000,1558452600000,UTC+0900,2019-05-22 00:15:00,2019-05-22 00:30:00,702133,51,683013,19120,47,4,0,674129,0,4602,23402,0,0,39,0,2,10,0,751862,148138,0,0,0,900000.0,0.0,0.0,0,751862
1558452600000,1558453500000,UTC+0900,2019-05-22 00:30:00,2019-05-22 00:45:00,898511,39,898511,0,39,0,0,215568,0,676506,6437,0,0,21,0,14,4,0,727682,172318,0,0,0,900000.0,0.0,0.0,0,727682
1558453500000,1558454400000,UTC+0900,2019-05-22 00:45:00,2019-05-22 01:00:00,899933,3,899933,0,3,0,0,0,0,899933,0,0,0,0,0,3,0,0,900000,0,0,0,0,900000.0,0.0,0.0,0,900000
1558454400000,1558455300000,UTC+0900,2019-05-22 01:00:00,2019-05-22 01:15:00,893152,80,893152,0,80,0,0,742398,0,147576,3178,0,0,73,0,4,3,0,900000,0,0,0,0,900000.0,0.0,0.0,0,900000
1558455300000,1558456200000,UTC+0900,2019-05-22 01:15:00,2019-05-22 01:30:00,897565,62,897565,0,62,0,0,512113,0,374432,11020,0,0,44,0,6,12,0,900000,0,0,0,0,900000.0,0.0,0.0,0,900000
1558456200000,1558457100000,UTC+0900,2019-05-22 01:30:00,2019-05-22 01:45:00,899242,15,897622,1620,14,1,0,9414,0,885586,4242,0,0,6,0,4,5,0,900000,0,0,0,0,900000.0,0.0,0.0,0,900000
1558457100000,1558458000000,UTC+0900,2019-05-22 01:45:00,2019-05-22 02:00:00,897784,53,895498,2286,52,1,0,111223,0,776812,9749,0,0,38,0,6,9,0,900000,0,0,0,0,900000.0,0.0,0.0,0,900000
1558458000000,1558458900000,UTC+0900,2019-05-22 02:00:00,2019-05-22 02:15:00,899199,17,899199,0,17,0,0,15718,0,880457,3024,0,0,10,0,3,4,0,900000,0,0,0,0,900000.0,0.0,0.0,0,900000
1558458900000,1558459800000,UTC+0900,2019-05-22 02:15:00,2019-05-22 02:30:00,898675,31,898675,0,31,0,0,102301,0,790148,6226,0,0,21,0,4,6,0,900000,0,0,0,0,900000.0,0.0,0.0,0,900000
1558459800000,1558460700000,UTC+0900,2019-05-22 02:30:00,2019-05-22 02:45:00,898855,20,891849,7006,18,2,0,123130,0,760557,15168,0,0,4,0,10,6,0,900000,0,0,0,0,900000.0,0.0,0.0,0,900000
1558460700000,1558461600000,UTC+0900,2019-05-22 02:45:00,2019-05-22 03:00:00,897836,46,836447,61389,38,8,26347,827714,0,0,43775,0,4,33,0,0,9,0,766794,133206,0,0,0,900000.0,0.0,0.0,0,766794
1558465200000,1558466100000,UTC+0900,2019-05-22 04:00:00,2019-05-22 04:15:00,4303,1,4303,0,1,0,0,0,0,4303,0,0,0,0,0,1,0,0,900000,0,0,0,0,900000.0,0.0,0.0,0,900000
1558466100000,1558467000000,UTC+0900,2019-05-22 04:15:00,2019-05-22 04:30:00,144688,25,144688,0,25,0,0,130286,0,11168,3234,0,0,18,0,3,4,0,900000,0,0,0,0,900000.0,0.0,0.0,0,900000
1558467000000,1558467900000,UTC+0900,2019-05-22 04:30:00,2019-05-22 04:45:00,501039,29,405712,95327,25,4,0,17438,0,461405,22196,0,0,5,0,15,9,0,900000,0,0,0,0,900000.0,0.0,0.0,0,900000
1558467900000,1558468800000,UTC+0900,2019-05-22 04:45:00,2019-05-22 05:00:00,466739,29,451262,15477,24,5,0,138152,0,310103,18484,0,0,10,0,11,8,0,900000,0,0,0,0,900000.0,0.0,0.0,0,900000
1558468800000,1558469700000,UTC+0900,2019-05-22 05:00:00,2019-05-22 05:15:00,7024,4,7024,0,4,0,0,4951,0,0,2073,0,0,3,0,0,1,0,900000,0,0,0,0,900000.0,0.0,0.0,0,900000
1558469700000,1558470600000,UTC+0900,2019-05-22 05:15:00,2019-05-22 05:30:00,350756,7,350190,566,6,1,0,2494,0,346400,1862,0,0,3,0,2,2,0,900000,0,0,0,0,900000.0,0.0,0.0,0,900000
1558470600000,1558471500000,UTC+0900,2019-05-22 05:30:00,2019-05-22 05:45:00,900000,1,900000,0,1,0,0,0,0,900000,0,0,0,0,0,1,0,0,900000,0,0,0,0,900000.0,0.0,0.0,0,900000
1558471500000,1558472400000,UTC+0900,2019-05-22 05:45:00,2019-05-22 06:00:00,899944,3,899944,0,3,0,0,0,0,899944,0,0,0,0,0,3,0,0,900000,0,0,0,0,900000.0,0.0,0.0,0,900000
1558472400000,1558473300000,UTC+0900,2019-05-22 06:00:00,2019-05-22 06:15:00,502644,1,502644,0,1,0,0,0,0,502644,0,0,0,0,0,1,0,0,900000,0,0,0,0,900000.0,0.0,0.0,0,900000
1558473300000,1558474200000,UTC+0900,2019-05-22 06:15:00,2019-05-22 06:30:00,0,0,0,0,0,0,0,0,0,0,0,0,0,0,0,0,0,0,900000,0,0,0,0,900000.0,0.0,0.0,0,900000
1558477800000,1558478700000,UTC+0900,2019-05-22 07:30:00,2019-05-22 07:45:00,0,0,0,0,0,0,0,0,0,0,0,0,0,0,0,0,0,0,900000,0,0,0,0,900000.0,0.0,0.0,0,900000
1558478700000,1558479600000,UTC+0900,2019-05-22 07:45:00,2019-05-22 08:00:00,0,0,0,0,0,0,0,0,0,0,0,0,0,0,0,0,0,0,900000,0,0,0,0,900000.0,0.0,0.0,0,900000
1558479600000,1558480500000,UTC+0900,2019-05-22 08:00:00,2019-05-22 08:15:00,4661,6,15,4646,2,4,0,0,0,15,4646,0,0,0,0,2,4,0,900000,0,0,0,0,900000.0,0.0,0.0,0,900000
1558487700000,1558488600000,UTC+0900,2019-05-22 10:15:00,2019-05-22 10:30:00,701726,23,698738,2988,20,3,0,29648,0,669746,2332,0,0,9,0,10,4,0,398809,210120,0,219176,71895,0.0,0.0,0.0,0,617985
1558488600000,1558489500000,UTC+0900,2019-05-22 10:30:00,2019-05-22 10:45:00,899483,13,898834,649,12,1,0,34278,0,861207,3998,0,0,7,0,3,3,0,900000,0,0,0,0,0.0,0.0,845587.0,0,900000
1558489500000,1558490400000,UTC+0900,2019-05-22 10:45:00,2019-05-22 11:00:00,898603,41,898603,0,41,0,0,124186,0,770963,3454,0,0,31,0,4,6,0,900000,0,0,0,0,0.0,0.0,900000.0,0,900000
1558490400000,1558491300000,UTC+0900,2019-05-22 11:00:00,2019-05-22 11:15:00,880380,41,879831,549,40,1,0,94542,0,771481,14357,0,0,26,0,5,10,0,900000,0,0,0,0,0.0,0.0,900000.0,0,900000
1558491300000,1558492200000,UTC+0900,2019-05-22 11:15:00,2019-05-22 11:30:00,897625,56,897563,62,55,1,0,139769,0,740103,17753,0,0,35,0,9,12,0,900000,0,0,0,0,0.0,0.0,900000.0,0,900000
1558492200000,1558493100000,UTC+0900,2019-05-22 11:30:00,2019-05-22 11:45:00,574322,106,410325,163997,72,34,81744,294613,0,76741,121224,0,18,56,0,4,28,0,265685,634315,0,0,0,0.0,0.0,268794.0,0,265685
1558493100000,1558494000000,UTC+0900,2019-05-22 11:45:00,2019-05-22 12:00:00,680309,48,676009,4300,45,3,0,126316,0,521813,32180,0,0,35,0,4,9,0,80078,819922,0,0,0,445752.0,0.0,0.0,0,80078
1558494000000,1558494900000,UTC+0900,2019-05-22 12:00:00,2019-05-22 12:15:00,899877,3,899877,0,3,0,0,0,0,898846,1031,0,0,0,0,2,1,0,832936,67064,0,0,0,900000.0,0.0,0.0,0,832936
1558494900000,1558495800000,UTC+0900,2019-05-22 12:15:00,2019-05-22 12:30:00,899814,5,896957,2857,4,1,0,0,2857,895725,1232,0,0,0,1,3,1,0,900000,0,0,0,0,900000.0,0.0,0.0,0,900000
1558495800000,1558496700000,UTC+0900,2019-05-22 12:30:00,2019-05-22 12:45:00,880921,46,779093,101828,28,18,0,38485,0,774944,67492,0,0,11,0,15,20,0,900000,0,0,0,0,900000.0,0.0,0.0,0,900000
1558496700000,1558497600000,UTC+0900,2019-05-22 12:45:00,2019-05-22 13:00:00,898109,22,343102,555007,12,10,0,776333,0,97967,23809,0,0,10,0,5,7,0,900000,0,0,0,0,900000.0,0.0,0.0,0,900000
1558497600000,1558498500000,UTC+0900,2019-05-22 13:00:00,2019-05-22 13:15:00,641306,19,131366,509940,17,2,0,567020,0,53359,20927,0,0,12,0,1,6,0,900000,0,0,0,0,900000.0,0.0,0.0,0,900000
1558498500000,1558499400000,UTC+0900,2019-05-22 13:15:00,2019-05-22 13:30:00,5740,3,97,5643,1,2,0,5643,0,0,97,0,0,2,0,0,1,0,900000,0,0,0,0,900000.0,0.0,0.0,0,900000
1558499400000,1558500300000,UTC+0900,2019-05-22 13:30:00,2019-05-22 13:45:00,0,0,0,0,0,0,0,0,0,0,0,0,0,0,0,0,0,0,900000,0,0,0,0,900000.0,0.0,0.0,0,900000
1558500300000,1558501200000,UTC+0900,2019-05-22 13:45:00,2019-05-22 14:00:00,0,0,0,0,0,0,0,0,0,0,0,0,0,0,0,0,0,0,900000,0,0,0,0,900000.0,0.0,0.0,0,900000
1558501200000,1558502100000,UTC+0900,2019-05-22 14:00:00,2019-05-22 14:15:00,102715,30,95863,6852,27,3,0,84639,0,0,18076,0,0,22,0,0,8,0,900000,0,0,0,0,900000.0,0.0,0.0,0,900000
1558502100000,1558503000000,UTC+0900,2019-05-22 14:15:00,2019-05-22 14:30:00,581810,91,545563,36247,83,8,25375,533348,0,0,23087,0,3,81,0,0,7,0,164976,735024,0,0,0,165577.0,0.0,192987.0,0,164976
1558503000000,1558503900000,UTC+0900,2019-05-22 14:30:00,2019-05-22 14:45:00,23309,10,11767,11542,9,1,0,10196,11542,0,1571,0,0,7,1,0,2,0,0,900000,0,0,0,0.0,0.0,900000.0,0,0
1558503900000,1558504800000,UTC+0900,2019-05-22 14:45:00,2019-05-22 15:00:00,279986,68,223606,56380,62,6,0,185173,0,56162,38651,0,0,58,0,5,5,0,0,900000,0,0,0,0.0,0.0,747098.0,0,0
1558504800000,1558505700000,UTC+0900,2019-05-22 15:00:00,2019-05-22 15:15:00,460933,91,442033,18900,86,5,4466,386011,0,23101,47355,0,2,70,0,7,12,0,196135,703865,0,0,0,0.0,203350.0,0.0,0,196135
1558505700000,1558506600000,UTC+0900,2019-05-22 15:15:00,2019-05-22 15:30:00,42356,17,42317,39,16,1,0,42317,39,0,0,0,0,16,1,0,0,0,900000,0,0,0,0,0.0,900000.0,0.0,0,900000
1558506600000,1558507500000,UTC+0900,2019-05-22 15:30:00,2019-05-22 15:45:00,11441,6,11441,0,6,0,0,11441,0,0,0,0,0,6,0,0,0,0,900000,0,0,0,0,0.0,900000.0,0.0,0,900000
1558507500000,1558508400000,UTC+0900,2019-05-22 15:45:00,2019-05-22 16:00:00,16473,8,16473,0,8,0,0,16473,0,0,0,0,0,8,0,0,0,0,900000,0,0,0,0,0.0,900000.0,0.0,0,900000
1558508400000,1558509300000,UTC+0900,2019-05-22 16:00:00,2019-05-22 16:15:00,166063,33,166063,0,33,0,0,166063,0,0,0,0,0,33,0,0,0,0,900000,0,0,0,0,0.0,900000.0,0.0,0,900000
1558509300000,1558510200000,UTC+0900,2019-05-22 16:15:00,2019-05-22 16:30:00,139801,27,108790,31011,22,5,0,30738,16640,102,92321,0,0,14,2,1,10,0,900000,0,0,0,0,0.0,900000.0,0.0,0,900000
1558510200000,1558511100000,UTC+0900,2019-05-22 16:30:00,2019-05-22 16:45:00,171667,25,149959,21708,20,5,0,171667,0,0,0,0,0,25,0,0,0,0,900000,0,0,0,0,0.0,900000.0,0.0,0,900000
1558511100000,1558512000000,UTC+0900,2019-05-22 16:45:00,2019-05-22 17:00:00,14241,8,14241,0,8,0,0,14241,0,0,0,0,0,8,0,0,0,0,900000,0,0,0,0,0.0,900000.0,0.0,0,900000
1558512000000,1558512900000,UTC+0900,2019-05-22 17:00:00,2019-05-22 17:15:00,148087,39,100417,47670,32,7,0,132298,0,0,15789,0,0,33,0,0,6,0,900000,0,0,0,0,0.0,900000.0,0.0,0,900000
1558512900000,1558513800000,UTC+0900,2019-05-22 17:15:00,2019-05-22 17:30:00,323739,43,255650,68089,31,12,0,232995,0,57663,33081,0,0,24,0,6,13,0,900000,0,0,0,0,0.0,900000.0,0.0,0,900000
1558513800000,1558514700000,UTC+0900,2019-05-22 17:30:00,2019-05-22 17:45:00,165299,31,165299,0,31,0,0,163563,0,0,1736,0,0,30,0,0,1,0,900000,0,0,0,0,0.0,900000.0,0.0,0,900000
1558514700000,1558515600000,UTC+0900,2019-05-22 17:45:00,2019-05-22 18:00:00,84335,19,64115,20220,17,2,0,69069,0,0,15266,0,0,15,0,0,4,0,126508,773492,0,0,0,0.0,161721.0,663001.0,0,126508
1558515600000,1558516500000,UTC+0900,2019-05-22 18:00:00,2019-05-22 18:15:00,274945,51,274945,0,51,0,0,267566,0,0,7379,0,0,47,0,0,4,0,213956,329008,0,357036,0,0.0,0.0,900000.0,0,570992
1558516500000,1558517400000,UTC+0900,2019-05-22 18:15:00,2019-05-22 18:30:00,268308,53,268308,0,53,0,0,266103,0,0,2205,0,0,51,0,0,2,0,138452,154108,0,607440,0,0.0,674383.0,185355.0,0,745892
1558517400000,1558518300000,UTC+0900,2019-05-22 18:30:00,2019-05-22 18:45:00,43370,14,43370,0,14,0,0,37207,0,0,6163,0,0,12,0,0,2,0,223446,0,0,676554,0,0.0,900000.0,0.0,0,900000
1558518300000,1558519200000,UTC+0900,2019-05-22 18:45:00,2019-05-22 19:00:00,379639,49,376114,3525,48,1,0,372559,0,0,7080,0,0,46,0,0,3,0,485789,0,0,414211,0,0.0,856603.0,0.0,0,900000
1558519200000,1558520100000,UTC+0900,2019-05-22 19:00:00,2019-05-22 19:15:00,0,0,0,0,0,0,0,0,0,0,0,0,0,0,0,0,0,0,219305,0,0,680695,0,0.0,900000.0,0.0,0,900000
1558520100000,1558521000000,UTC+0900,2019-05-22 19:15:00,2019-05-22 19:30:00,60338,35,60338,0,35,0,0,54437,0,0,5901,0,0,31,0,0,4,0,900000,0,0,0,0,0.0,900000.0,0.0,0,900000
1558521000000,1558521900000,UTC+0900,2019-05-22 19:30:00,2019-05-22 19:45:00,236,6,185,51,4,2,0,0,0,0,198,38,0,0,0,0,4,2,900000,0,0,0,0,0.0,900000.0,0.0,0,900000
1558521900000,1558522800000,UTC+0900,2019-05-22 19:45:00,2019-05-22 20:00:00,14196,9,14196,0,9,0,0,12875,0,0,1321,0,0,8,0,0,1,0,900000,0,0,0,0,0.0,900000.0,0.0,0,900000
1558522800000,1558523700000,UTC+0900,2019-05-22 20:00:00,2019-05-22 20:15:00,62208,10,62208,0,10,0,0,43720,0,0,18488,0,0,8,0,0,2,0,105970,794030,0,0,0,0.0,786770.0,0.0,0,105970
1558523700000,1558524600000,UTC+0900,2019-05-22 20:15:00,2019-05-22 20:30:00,0,0,0,0,0,0,0,0,0,0,0,0,0,0,0,0,0,0,900000,0,0,0,0,0.0,900000.0,0.0,0,900000
1558524600000,1558525500000,UTC+0900,2019-05-22 20:30:00,2019-05-22 20:45:00,26349,20,26301,48,18,2,0,25474,0,0,858,17,0,16,0,0,3,1,900000,0,0,0,0,0.0,900000.0,0.0,0,900000
1558525500000,1558526400000,UTC+0900,2019-05-22 20:45:00,2019-05-22 21:00:00,0,0,0,0,0,0,0,0,0,0,0,0,0,0,0,0,0,0,900000,0,0,0,0,0.0,900000.0,0.0,0,900000
1558526400000,1558527300000,UTC+0900,2019-05-22 21:00:00,2019-05-22 21:15:00,0,0,0,0,0,0,0,0,0,0,0,0,0,0,0,0,0,0,900000,0,0,0,0,0.0,900000.0,0.0,0,900000
1558527300000,1558528200000,UTC+0900,2019-05-22 21:15:00,2019-05-22 21:30:00,8201,5,8201,0,5,0,0,8201,0,0,0,0,0,5,0,0,0,0,900000,0,0,0,0,0.0,900000.0,0.0,0,900000
1558528200000,1558529100000,UTC+0900,2019-05-22 21:30:00,2019-05-22 21:45:00,5297,8,5297,0,8,0,0,5284,0,0,0,13,0,7,0,0,0,1,900000,0,0,0,0,0.0,900000.0,0.0,0,900000
1558529100000,1558530000000,UTC+0900,2019-05-22 21:45:00,2019-05-22 22:00:00,14994,9,14994,0,9,0,0,8653,0,0,6341,0,0,8,0,0,1,0,900000,0,0,0,0,0.0,900000.0,0.0,0,900000
1558530000000,1558530900000,UTC+0900,2019-05-22 22:00:00,2019-05-22 22:15:00,33398,15,33398,0,15,0,0,5425,0,26023,1950,0,0,5,0,8,2,0,900000,0,0,0,0,0.0,900000.0,0.0,0,900000
1558530900000,1558531800000,UTC+0900,2019-05-22 22:15:00,2019-05-22 22:30:00,0,0,0,0,0,0,0,0,0,0,0,0,0,0,0,0,0,0,900000,0,0,0,0,0.0,900000.0,0.0,0,900000
1558531800000,1558532700000,UTC+0900,2019-05-22 22:30:00,2019-05-22 22:45:00,82,3,82,0,3,0,0,59,0,0,0,23,0,2,0,0,0,1,900000,0,0,0,0,0.0,900000.0,0.0,0,900000
1558532700000,1558533600000,UTC+0900,2019-05-22 22:45:00,2019-05-22 23:00:00,27277,7,27277,0,7,0,0,27277,0,0,0,0,0,7,0,0,0,0,900000,0,0,0,0,0.0,900000.0,0.0,0,900000
1558533600000,1558534500000,UTC+0900,2019-05-22 23:00:00,2019-05-22 23:15:00,0,0,0,0,0,0,0,0,0,0,0,0,0,0,0,0,0,0,900000,0,0,0,0,0.0,900000.0,0.0,0,900000
1558534500000,1558535400000,UTC+0900,2019-05-22 23:15:00,2019-05-22 23:30:00,0,0,0,0,0,0,0,0,0,0,0,0,0,0,0,0,0,0,900000,0,0,0,0,0.0,900000.0,0.0,0,900000
1558535400000,1558536300000,UTC+0900,2019-05-22 23:30:00,2019-05-22 23:45:00,72504,26,72357,147,25,1,0,72327,0,0,147,30,0,24,0,0,1,1,900000,0,0,0,0,0.0,900000.0,0.0,0,900000
1558536300000,1558537200000,UTC+0900,2019-05-22 23:45:00,2019-05-23 00:00:00,71736,25,71174,562,23,2,0,65977,0,70,5689,0,0,20,0,1,4,0,900000,0,0,0,0,0.0,900000.0,0.0,0,900000
1558537200000,1558538100000,UTC+0900,2019-05-23 00:00:00,2019-05-23 00:15:00,185550,36,103057,82493,24,12,5588,57594,0,2165,120203,0,3,16,0,1,16,0,788913,111087,0,0,0,0.0,812281.0,0.0,0,788913
1558538100000,1558539000000,UTC+0900,2019-05-23 00:15:00,2019-05-23 00:30:00,477724,14,472875,4849,13,1,4849,30164,0,405664,37047,0,1,9,0,2,2,0,398448,501552,0,0,0,741508.0,0.0,0.0,0,398448
1558539000000,1558539900000,UTC+0900,2019-05-23 00:30:00,2019-05-23 00:45:00,899862,3,899862,0,3,0,0,0,0,899772,0,90,0,0,0,2,0,1,900000,0,0,0,0,900000.0,0.0,0.0,0,900000
1558539900000,1558540800000,UTC+0900,2019-05-23 00:45:00,2019-05-23 01:00:00,899358,15,899358,0,15,0,0,98815,0,798085,2458,0,0,11,0,2,2,0,900000,0,0,0,0,900000.0,0.0,0.0,0,900000
1558540800000,1558541700000,UTC+0900,2019-05-23 01:00:00,2019-05-23 01:15:00,898199,44,887024,11175,39,5,0,461658,0,401450,35091,0,0,16,0,16,12,0,900000,0,0,0,0,900000.0,0.0,0.0,0,900000
1558541700000,1558542600000,UTC+0900,2019-05-23 01:15:00,2019-05-23 01:30:00,899400,7,265199,634201,5,2,0,890494,0,0,8906,0,0,4,0,0,3,0,900000,0,0,0,0,900000.0,0.0,0.0,0,900000
1558542600000,1558543500000,UTC+0900,2019-05-23 01:30:00,2019-05-23 01:45:00,899710,5,406333,493377,4,1,0,493377,0,398355,7860,118,0,1,0,2,1,1,900000,0,0,0,0,900000.0,0.0,0.0,0,900000
1558543500000,1558544400000,UTC+0900,2019-05-23 01:45:00,2019-05-23 02:00:00,896275,74,804829,91446,59,15,16919,188868,0,593750,96738,0,1,44,0,4,25,0,900000,0,0,0,0,900000.0,0.0,0.0,0,900000
